Município de ocorrência;0 a 9 anos;10 a 19 anos;20 a 39 anos;40 a 59 anos;60 anos e mais;Sem informação;Total
110040 Alto Paraíso;1;-;-;-;-;-;1
110002 Ariquemes;1;-;2;1;-;-;4
110045 Buritis;-;-;1;-;-;-;1
110080 Candeias do Jamari;4;5;10;5;-;-;24
110094 Cujubim;2;-;-;-;-;-;2
110010 Guajará-Mirim;2;-;-;1;2;-;5
110110 Itapuã do Oeste;1;-;3;-;1;-;5
110011 Jaru;-;-;1;-;-;-;1
110012 Ji-Paraná;-;-;1;-;-;-;1
110013 Machadinho D'Oeste;-;-;1;-;-;-;1
110140 Monte Negro;-;1;-;-;-;-;1
110033 Nova Mamoré;3;-;2;2;-;-;7
110050 Novo Horizonte do Oeste;1;-;-;-;-;-;1
110015 Ouro Preto do Oeste;1;1;1;-;-;-;3
110018 Pimenta Bueno;-;-;1;-;-;-;1
110020 Porto Velho;208;164;368;131;26;3;900
110025 Presidente Médici;-;-;-;1;-;-;1
110028 Rolim de Moura;-;1;1;-;1;-;3
110160 Theobroma;-;-;1;-;-;-;1
120001 Acrelândia;-;2;9;6;-;1;18
120005 Assis Brasil;2;1;-;-;-;-;3
120010 Brasiléia;3;2;3;3;1;-;12
120013 Bujari;3;4;6;2;1;-;16
120017 Capixaba;3;4;6;-;-;-;13
120025 Epitaciolândia;-;1;-;-;-;-;1
120030 Feijó;1;-;3;3;2;-;9
120032 Jordão;1;-;1;-;-;-;2
120034 Manoel Urbano;-;-;5;1;1;-;7
120038 Plácido de Castro;5;7;12;3;1;1;29
120080 Porto Acre;6;9;10;13;5;-;43
120040 Rio Branco;154;230;512;191;71;2;1160
120043 Santa Rosa do Purus;1;-;2;-;-;-;3
120050 Sena Madureira;4;6;11;4;2;-;27
120045 Senador Guiomard;2;6;12;6;2;-;28
120060 Tarauacá;-;-;1;-;-;-;1
120070 Xapuri;-;-;4;4;-;-;8
130040 Barcelos;1;-;-;-;-;-;1
130050 Barreirinha;-;1;-;-;-;-;1
130070 Boca do Acre;2;1;3;4;1;-;11
130110 Careiro;-;-;-;1;-;-;1
130170 Humaitá;2;-;2;3;-;-;7
130195 Itamarati;-;1;-;-;-;-;1
130240 Lábrea;-;-;1;-;-;-;1
130260 Manaus;-;-;-;1;-;-;1
130350 Pauini;-;2;2;1;-;-;5
130353 Presidente Figueiredo;-;-;-;1;-;-;1
140005 Alto Alegre;7;1;13;10;-;-;31
140002 Amajari;4;3;5;3;3;1;19
140010 Boa Vista;384;334;580;205;57;7;1567
140015 Bonfim;6;3;7;5;1;-;22
140017 Cantá;11;9;18;11;6;-;55
140020 Caracaraí;2;-;5;-;-;-;7
140023 Caroebe;-;1;1;2;-;-;4
140028 Iracema;1;-;2;-;-;-;3
140030 Mucajaí;4;3;7;-;2;-;16
140040 Normandia;4;2;1;-;-;-;7
140045 Pacaraima;1;1;1;1;-;-;4
140047 Rorainópolis;2;1;1;-;2;-;6
140050 São João da Baliza;3;-;-;-;1;-;4
140060 São Luiz;-;-;-;2;-;-;2
140070 Uiramutã;3;1;3;-;1;1;9
150010 Abaetetuba;3;4;7;9;3;-;26
150020 Acará;12;10;20;7;7;-;56
150030 Afuá;4;3;10;9;2;-;28
150034 Água Azul do Norte;-;1;-;1;-;-;2
150050 Almeirim;-;1;1;1;-;-;3
150070 Anajás;1;-;3;-;-;-;4
150080 Ananindeua;193;190;428;186;81;-;1078
150090 Augusto Corrêa;1;-;1;2;-;-;4
150095 Aurora do Pará;1;2;2;2;-;-;7
150110 Bagre;-;-;1;-;-;-;1
150120 Baião;-;1;1;-;-;-;2
150130 Barcarena;9;11;30;11;5;-;66
150140 Belém;680;615;1354;672;300;24;3645
150150 Benevides;7;6;10;4;3;-;30
150160 Bonito;1;-;1;2;-;-;4
150170 Bragança;-;3;6;-;3;-;12
150180 Breves;2;3;6;3;2;-;16
150190 Bujaru;3;6;3;2;-;-;14
150200 Cachoeira do Arari;1;-;2;-;-;-;3
150195 Cachoeira do Piriá;1;-;1;1;1;-;4
150210 Cametá;3;-;-;1;-;-;4
150220 Capanema;3;-;8;2;2;1;16
150230 Capitão Poço;-;2;4;-;2;-;8
150240 Castanhal;5;6;19;11;1;-;42
150250 Chaves;3;2;5;4;-;-;14
150260 Colares;3;-;-;-;-;-;3
150275 Concórdia do Pará;-;1;4;3;-;-;8
150280 Curralinho;-;-;1;-;1;-;2
150285 Curuá;-;1;-;1;-;-;2
150290 Curuçá;1;3;8;3;2;-;17
150295 Eldorado dos Carajás;1;-;-;-;-;-;1
150307 Garrafão do Norte;1;3;4;-;-;-;8
150320 Igarapé-Açu;2;-;6;2;1;-;11
150330 Igarapé-Miri;2;2;2;3;2;-;11
150340 Inhangapi;1;-;1;-;-;-;2
150345 Ipixuna do Pará;1;2;1;3;1;-;8
150350 Irituia;2;3;2;1;1;1;10
150360 Itaituba;1;-;-;-;-;-;1
150405 Mãe do Rio;2;2;4;4;1;-;13
150410 Magalhães Barata;-;-;1;-;-;-;1
150420 Marabá;1;-;-;1;-;-;2
150430 Maracanã;-;1;2;-;1;-;4
150440 Marapanim;-;2;5;1;-;1;9
150442 Marituba;11;12;23;18;3;-;67
150450 Melgaço;2;-;1;-;1;-;4
150460 Mocajuba;-;2;1;-;-;-;3
150470 Moju;6;3;13;3;1;-;26
150480 Monte Alegre;-;-;1;-;-;-;1
150490 Muaná;1;-;1;1;1;-;4
150495 Nova Esperança do Piriá;-;1;-;2;-;-;3
150500 Nova Timboteua;-;1;1;-;-;-;2
150520 Oeiras do Pará;2;2;1;-;-;-;5
150540 Ourém;2;-;3;1;-;-;6
150550 Paragominas;1;-;1;-;-;-;2
150553 Parauapebas;-;-;2;-;-;-;2
150555 Pau D'Arco;-;1;-;-;-;-;1
150560 Peixe-Boi;-;-;1;-;-;-;1
150570 Ponta de Pedras;1;1;1;2;-;-;5
150580 Portel;-;-;2;-;1;-;3
150590 Porto de Moz;-;-;-;-;1;-;1
150610 Primavera;-;-;-;-;1;-;1
150611 Quatipuru;-;-;1;-;1;-;2
150620 Salinópolis;3;2;4;-;1;-;10
150630 Salvaterra;2;3;1;1;1;-;8
150635 Santa Bárbara do Pará;2;2;3;-;1;1;9
150640 Santa Cruz do Arari;-;-;-;-;1;-;1
150650 Santa Isabel do Pará;2;3;7;5;1;-;18
150655 Santa Luzia do Pará;-;1;2;-;-;-;3
150660 Santa Maria do Pará;1;1;3;-;-;-;5
150680 Santarém;-;-;-;1;-;-;1
150700 Santo Antônio do Tauá;5;5;7;4;-;-;21
150710 São Caetano de Odivelas;1;-;2;-;1;-;4
150720 São Domingos do Capim;-;2;2;2;2;-;8
150740 São Francisco do Pará;-;-;1;-;1;-;2
150747 São João de Pirabas;2;-;-;-;1;-;3
150760 São Miguel do Guamá;3;3;6;3;1;-;16
150770 São Sebastião da Boa Vista;1;-;-;1;1;-;3
150790 Soure;3;3;2;-;1;-;9
150795 Tailândia;2;4;11;1;-;-;18
150796 Terra Alta;-;2;3;-;-;-;5
150800 Tomé-Açu;-;5;4;-;-;-;9
150803 Tracuateua;-;-;2;2;-;-;4
150810 Tucuruí;-;-;2;-;-;-;2
150812 Ulianópolis;3;-;3;2;-;-;8
150820 Vigia;8;4;5;5;3;-;25
150830 Viseu;-;1;2;-;-;-;3
150840 Xinguara;-;-;1;-;-;-;1
160010 Amapá;1;2;6;1;1;-;11
160020 Calçoene;1;1;-;1;-;-;3
160021 Cutias;1;2;1;5;1;-;10
160023 Ferreira Gomes;1;-;6;6;2;-;15
160025 Itaubal;1;1;1;3;1;-;7
160027 Laranjal do Jari;4;-;8;1;1;-;14
160030 Macapá;512;470;1102;416;123;6;2629
160040 Mazagão;4;8;13;7;3;-;35
160050 Oiapoque;1;1;4;5;2;-;13
160015 Pedra Branca do Amapari;4;4;8;5;-;-;21
160053 Porto Grande;5;-;17;12;6;-;40
160055 Pracuúba;2;-;-;-;1;-;3
160060 Santana;10;6;18;12;6;-;52
160005 Serra do Navio;-;-;3;2;-;-;5
160070 Tartarugalzinho;1;1;6;2;2;-;12
170040 Almas;-;-;1;-;-;-;1
170070 Alvorada;1;-;-;-;-;-;1
170110 Aparecida do Rio Negro;-;1;4;1;1;-;7
170210 Araguaína;-;-;-;-;1;-;1
170310 Barrolândia;-;-;1;-;-;-;1
170330 Bom Jesus do Tocantins;-;-;-;-;1;-;1
170390 Caseara;-;-;-;-;1;-;1
170460 Chapada de Areia;-;-;-;1;-;-;1
171670 Colméia;-;1;1;-;-;-;2
170560 Conceição do Tocantins;-;-;-;-;1;-;1
170610 Cristalândia;1;-;3;-;-;-;4
170700 Dianópolis;2;2;3;1;1;-;9
170710 Divinópolis do Tocantins;-;-;1;1;-;-;2
170720 Dois Irmãos do Tocantins;-;-;3;-;-;-;3
170755 Fátima;-;-;-;1;-;-;1
170820 Formoso do Araguaia;1;-;-;-;-;-;1
170930 Guaraí;-;-;1;-;1;-;2
171050 Itacajá;-;-;1;-;-;-;1
171195 Lagoa do Tocantins;2;1;2;-;-;-;5
171200 Lajeado;5;2;6;-;-;-;13
171215 Lavandeira;-;-;1;-;-;-;1
171250 Marianópolis do Tocantins;1;-;1;2;1;-;5
171320 Miracema do Tocantins;-;-;2;1;1;-;4
171360 Monte do Carmo;-;-;2;-;-;-;2
171510 Novo Acordo;-;-;1;-;-;-;1
172100 Palmas;199;241;546;158;54;-;1198
171575 Palmeirópolis;-;-;1;-;-;-;1
171610 Paraíso do Tocantins;-;-;4;-;2;-;6
171620 Paranã;-;1;-;1;-;-;2
171650 Pedro Afonso;2;1;1;-;-;-;4
171750 Pium;-;1;-;1;-;-;2
171790 Ponte Alta do Tocantins;-;-;2;1;-;-;3
171820 Porto Nacional;6;1;18;3;2;-;30
171840 Presidente Kennedy;-;1;-;-;-;-;1
171888 Santa Maria do Tocantins;-;-;2;-;-;-;2
171890 Santa Rosa do Tocantins;1;-;1;-;-;-;2
171900 Santa Tereza do Tocantins;-;-;1;1;-;-;2
172015 São Félix do Tocantins;-;-;-;2;-;-;2
172065 Silvanópolis;-;-;1;-;-;-;1
172093 Taipas do Tocantins;1;-;-;-;-;-;1
172125 Tupirama;1;-;-;-;-;-;1
210005 Açailândia;-;-;-;1;-;-;1
210070 Anajatuba;1;2;1;1;-;-;5
210100 Arari;-;1;2;-;1;-;4
210110 Axixá;2;-;-;-;-;-;2
210120 Bacabal;-;-;3;-;-;-;3
210125 Bacabeira;-;1;3;3;-;-;7
210170 Barreirinhas;-;3;3;-;-;-;6
210190 Bequimão;-;-;-;1;1;-;2
210210 Brejo;2;1;3;-;1;-;7
210220 Buriti;-;-;-;1;-;-;1
210232 Buriticupu;-;-;1;-;-;-;1
210250 Cajari;1;-;-;-;-;-;1
210260 Cândido Mendes;1;-;-;-;-;-;1
210270 Cantanhede;-;-;1;-;-;-;1
210300 Caxias;-;-;1;1;1;-;3
210310 Cedral;1;-;-;-;-;-;1
210320 Chapadinha;1;1;1;-;-;-;3
210330 Codó;-;-;-;1;1;-;2
210340 Coelho Neto;1;-;-;-;-;-;1
210355 Conceição do Lago-Açu;-;-;-;2;-;-;2
210370 Cururupu;-;-;-;1;-;-;1
210500 Humberto de Campos;1;1;1;-;1;-;4
210510 Icatu;2;-;1;-;-;-;3
210530 Imperatriz;-;-;1;-;2;-;3
210540 Itapecuru Mirim;2;-;-;1;1;-;4
210590 Lago Verde;-;-;1;-;1;-;2
210630 Magalhães de Almeida;-;-;-;-;1;-;1
210637 Maranhãozinho;-;-;1;-;-;-;1
210650 Matinha;-;-;1;-;-;-;1
210660 Matões;1;-;2;-;1;-;4
210675 Miranda do Norte;1;-;-;1;1;-;3
210680 Mirinzal;-;-;1;-;-;-;1
210690 Monção;1;-;-;-;-;-;1
210710 Morros;-;-;5;-;-;-;5
210740 Olho d'Água das Cunhãs;-;-;-;-;1;-;1
210745 Olinda Nova do Maranhão;-;1;-;-;1;-;2
210750 Paço do Lumiar;13;11;20;8;7;-;59
210780 Parnarama;2;2;3;1;-;-;8
210800 Pastos Bons;-;-;-;-;1;-;1
210820 Pedreiras;-;-;2;-;-;-;2
210830 Penalva;1;-;-;-;-;-;1
210840 Peri Mirim;-;-;1;1;-;-;2
210860 Pinheiro;1;-;2;1;-;-;4
210870 Pio XII;-;-;-;1;-;-;1
210910 Presidente Dutra;-;1;-;-;-;-;1
210920 Presidente Juscelino;1;1;-;-;-;-;2
210927 Presidente Sarney;-;1;-;-;-;-;1
210930 Presidente Vargas;-;-;-;-;2;-;2
210945 Raposa;2;3;1;2;2;-;10
210960 Rosário;-;1;2;3;1;-;7
210990 Santa Inês;-;-;3;1;1;-;5
211000 Santa Luzia;-;-;1;-;-;-;1
211020 Santa Rita;-;1;-;-;-;-;1
211050 São Bento;-;-;-;1;-;-;1
211070 São Domingos do Maranhão;-;-;-;1;-;-;1
211100 São João Batista;-;-;-;1;-;-;1
211110 São João dos Patos;-;-;1;-;-;-;1
211120 São José de Ribamar;20;10;26;18;10;-;84
211130 São Luís;194;207;549;238;86;1;1275
211140 São Luís Gonzaga do Maranhão;-;-;1;-;-;-;1
211178 Serrano do Maranhão;-;-;-;1;-;-;1
211210 Timbiras;-;-;-;-;1;-;1
211220 Timon;15;7;21;7;5;-;55
211227 Tufilândia;-;2;-;-;-;-;2
211230 Tuntum;-;-;1;-;-;-;1
211240 Turiaçu;-;-;1;-;-;-;1
211260 Urbano Santos;-;-;-;-;1;-;1
211270 Vargem Grande;-;2;2;-;1;-;5
211280 Viana;2;1;1;2;1;-;7
211285 Vila Nova dos Martírios;-;1;-;-;-;-;1
211290 Vitória do Mearim;-;1;3;-;-;-;4
211400 Zé Doca;-;1;-;-;-;-;1
220005 Acauã;-;1;-;-;-;-;1
220010 Agricolândia;-;-;1;-;-;-;1
220020 Água Branca;1;2;4;-;1;-;8
220030 Alto Longá;-;-;1;-;-;-;1
220040 Altos;-;3;14;1;7;-;25
220045 Alvorada do Gurguéia;1;-;-;-;-;-;1
220050 Amarante;-;2;-;3;-;-;5
220060 Angical do Piauí;-;-;2;-;-;-;2
220070 Anísio de Abreu;-;-;1;-;-;-;1
220090 Aroazes;-;-;1;-;-;-;1
220105 Assunção do Piauí;-;1;1;-;-;-;2
220115 Baixa Grande do Ribeiro;-;-;1;-;-;-;1
220120 Barras;2;-;6;1;-;-;9
220150 Batalha;-;1;1;-;1;-;3
220160 Beneditinos;-;-;4;-;-;-;4
220173 Betânia do Piauí;-;1;-;1;-;-;2
220180 Bocaina;-;-;1;-;-;-;1
220192 Bonfim do Piauí;1;-;-;-;-;-;1
220194 Boqueirão do Piauí;-;-;3;-;-;-;3
220205 Cabeceiras do Piauí;-;-;1;1;-;-;2
220209 Caldeirão Grande do Piauí;-;-;1;-;-;-;1
220213 Campo Grande do Piauí;1;1;2;-;-;-;4
220217 Campo Largo do Piauí;-;-;2;-;-;-;2
220220 Campo Maior;2;5;4;6;2;-;19
220230 Canto do Buriti;-;-;1;-;-;-;1
220240 Capitão de Campos;-;2;3;-;1;-;6
220245 Capitão Gervásio Oliveira;-;-;-;1;-;-;1
220260 Castelo do Piauí;-;1;1;1;-;-;3
220270 Cocal;-;-;-;-;1;-;1
220273 Coivaras;-;-;1;-;-;-;1
220275 Colônia do Gurguéia;-;-;2;-;-;-;2
220280 Conceição do Canindé;-;-;-;1;-;-;1
220285 Coronel José Dias;-;1;-;-;-;-;1
220300 Cristalândia do Piauí;-;-;1;1;-;-;2
220320 Curimatá;1;-;1;-;-;-;2
220325 Curralinhos;1;-;2;1;-;-;4
220330 Demerval Lobão;3;-;3;4;-;-;10
220350 Elesbão Veloso;1;-;-;-;1;-;2
220360 Eliseu Martins;-;1;-;-;-;-;1
220370 Esperantina;-;1;-;-;1;-;2
220390 Floriano;-;-;-;-;1;-;1
220400 Francinópolis;-;-;-;-;1;-;1
220430 Fronteiras;-;-;-;-;1;-;1
220470 Inhuma;-;-;2;-;-;-;2
220500 Itainópolis;-;-;2;-;-;-;2
220510 Itaueira;-;1;-;1;-;-;2
220525 Jardim do Mulato;1;-;-;3;-;-;4
220527 Jatobá do Piauí;1;-;-;1;-;-;2
220530 Jerumenha;-;1;-;-;-;-;1
220545 Joca Marques;-;1;-;-;-;-;1
220550 José de Freitas;2;2;2;5;3;-;14
220551 Juazeiro do Piauí;-;1;-;-;-;-;1
220555 Lagoa Alegre;1;-;-;-;-;-;1
220557 Lagoa de São Francisco;-;1;-;1;-;-;2
220558 Lagoa do Piauí;-;-;-;1;-;-;1
220580 Luzilândia;-;-;-;-;1;-;1
220590 Manoel Emídio;-;1;-;-;-;-;1
220595 Marcolândia;-;-;-;1;-;-;1
220610 Matias Olímpio;-;1;-;-;-;-;1
220620 Miguel Alves;1;1;2;1;-;-;5
220630 Miguel Leão;-;-;-;1;-;-;1
220640 Monsenhor Gil;-;-;1;3;1;-;5
220667 Morro do Chapéu do Piauí;-;-;-;-;2;-;2
220670 Nazaré do Piauí;-;1;-;-;-;-;1
220672 Nazária;-;3;8;-;-;-;11
220680 Nossa Senhora dos Remédios;-;-;-;-;1;-;1
220690 Novo Oriente do Piauí;-;-;-;-;1;-;1
220700 Oeiras;-;1;-;-;-;-;1
220720 Padre Marcos;-;-;-;1;-;-;1
220735 Pajeú do Piauí;-;-;1;-;-;-;1
220750 Palmeirais;-;-;1;1;-;-;2
220770 Parnaíba;-;1;-;-;-;-;1
220779 Pau D'Arco do Piauí;-;1;1;-;-;-;2
220780 Paulistana;-;-;1;-;-;-;1
220790 Pedro II;1;1;-;-;1;-;3
220800 Picos;1;-;2;-;-;-;3
220810 Pimenteiras;-;2;2;-;-;-;4
220830 Piracuruca;-;2;-;-;-;-;2
220840 Piripiri;1;1;6;-;1;-;9
220850 Porto;-;-;-;1;-;-;1
220855 Porto Alegre do Piauí;-;-;-;1;-;-;1
220860 Prata do Piauí;-;-;-;1;1;-;2
220880 Regeneração;1;-;1;-;2;-;4
220900 Rio Grande do Piauí;-;-;-;1;-;-;1
220915 Santa Cruz dos Milagres;-;-;2;1;-;-;3
220940 Santo Antônio de Lisboa;-;-;1;-;-;-;1
220960 São Félix do Piauí;-;-;1;1;1;-;3
220970 São Francisco do Piauí;-;-;-;1;-;-;1
220980 São Gonçalo do Piauí;-;-;-;1;-;-;1
220990 São João da Serra;-;-;1;-;-;-;1
220997 São João do Arraial;1;-;-;-;-;-;1
221000 São João do Piauí;1;1;1;-;-;-;3
221038 São Miguel da Baixa Grande;-;-;2;-;1;-;3
221039 São Miguel do Fidalgo;-;-;1;-;-;-;1
221040 São Miguel do Tapuio;1;-;1;1;-;-;3
221050 São Pedro do Piauí;1;2;-;-;-;-;3
221060 São Raimundo Nonato;2;-;1;-;1;-;4
221062 Sebastião Barros;-;1;-;-;-;-;1
221065 Sigefredo Pacheco;-;3;1;-;-;-;4
221080 Simplício Mendes;-;-;-;-;1;-;1
221090 Socorro do Piauí;1;-;-;-;-;-;1
221100 Teresina;271;236;591;255;99;-;1452
221110 União;2;6;6;2;2;-;18
221130 Valença do Piauí;-;2;-;-;-;-;2
221140 Várzea Grande;-;-;-;1;-;-;1
221170 Wall Ferraz;-;-;-;1;-;-;1
230015 Acarape;-;1;3;2;-;-;6
230020 Acaraú;3;6;9;11;2;-;31
230030 Acopiara;-;2;-;-;-;-;2
230050 Alcântaras;3;6;10;1;7;-;27
230075 Amontada;-;-;2;-;-;-;2
230090 Apuiarés;1;-;-;-;1;-;2
230100 Aquiraz;4;3;4;2;1;-;14
230110 Aracati;-;-;3;1;-;-;4
230120 Aracoiaba;-;-;5;-;-;-;5
230140 Aratuba;-;-;1;-;-;-;1
230150 Arneiroz;-;-;2;-;1;-;3
230185 Banabuiú;-;1;-;-;-;-;1
230195 Barreira;-;1;2;2;2;-;7
230210 Baturité;2;1;3;-;1;-;7
230220 Beberibe;1;-;4;-;2;-;7
230230 Bela Cruz;2;4;6;3;1;-;16
230240 Boa Viagem;-;-;3;-;1;-;4
230260 Camocim;-;5;9;3;1;-;18
230270 Campos Sales;1;-;-;-;-;-;1
230280 Canindé;1;5;3;2;1;-;12
230290 Capistrano;-;1;-;-;-;-;1
230300 Caridade;-;-;1;2;-;-;3
230310 Cariré;5;5;11;4;3;-;28
230340 Carnaubal;1;-;3;-;-;-;4
230350 Cascavel;3;-;5;3;-;-;11
230360 Catarina;1;-;-;-;-;-;1
230365 Catunda;-;1;4;-;2;-;7
230370 Caucaia;12;15;26;21;7;-;81
230380 Cedro;-;1;-;-;-;-;1
230390 Chaval;-;-;4;2;-;-;6
230395 Chorozinho;-;-;1;1;1;-;3
230400 Coreaú;8;6;15;6;6;-;41
230410 Crateús;1;2;4;1;3;-;11
230420 Crato;-;-;-;1;-;-;1
230423 Croatá;1;3;1;-;-;-;5
230425 Cruz;3;5;9;4;2;-;23
230428 Eusébio;1;1;4;2;1;-;9
230435 Forquilha;10;14;21;13;5;-;63
230440 Fortaleza;373;385;866;401;213;3;2241
230445 Fortim;-;-;-;1;-;-;1
230450 Frecheirinha;3;5;14;6;2;-;30
230460 General Sampaio;-;-;1;1;-;-;2
230465 Graça;-;9;3;2;4;-;18
230470 Granja;1;5;6;3;2;-;17
230490 Groaíras;2;4;12;5;2;-;25
230495 Guaiúba;2;-;-;2;1;-;5
230500 Guaraciaba do Norte;1;1;6;-;-;-;8
230510 Guaramiranga;-;-;2;1;-;-;3
230520 Hidrolândia;1;-;2;-;3;-;6
230523 Horizonte;1;1;10;3;-;-;15
230530 Ibiapina;1;1;4;1;-;-;7
230540 Icó;1;1;1;-;-;-;3
230550 Iguatu;-;-;1;2;-;-;3
230560 Independência;-;1;1;1;-;-;3
230580 Ipu;-;2;3;1;-;-;6
230590 Ipueiras;1;1;5;1;1;-;9
230600 Iracema;-;-;-;1;-;-;1
230610 Irauçuba;3;6;10;5;2;-;26
230620 Itaiçaba;-;-;-;1;-;-;1
230625 Itaitinga;-;1;4;2;-;-;7
230630 Itapagé;-;1;5;-;2;-;8
230640 Itapipoca;-;3;4;1;2;-;10
230650 Itapiúna;-;-;-;1;-;-;1
230655 Itarema;7;7;12;2;4;-;32
230660 Itatira;-;1;-;1;-;-;2
230670 Jaguaretama;-;-;-;-;1;-;1
230680 Jaguaribara;-;1;-;1;-;-;2
230690 Jaguaribe;2;-;1;2;1;-;6
230700 Jaguaruana;-;-;1;-;-;-;1
230725 Jijoca de Jericoacoara;4;2;3;3;-;-;12
230730 Juazeiro do Norte;1;-;-;-;-;-;1
230740 Jucás;-;1;1;-;-;-;2
230750 Lavras da Mangabeira;-;-;-;1;-;-;1
230760 Limoeiro do Norte;1;1;2;1;2;-;7
230763 Madalena;-;-;-;1;-;-;1
230765 Maracanaú;10;8;30;12;4;-;64
230770 Maranguape;1;2;19;4;1;-;27
230780 Marco;3;3;6;1;3;-;16
230790 Martinópole;1;-;7;2;-;-;10
230800 Massapê;9;21;29;5;3;-;67
230820 Meruoca;4;8;14;2;2;-;30
230835 Milhã;-;-;-;-;1;-;1
230850 Mombaça;-;-;-;1;-;-;1
230860 Monsenhor Tabosa;1;1;-;2;1;-;5
230870 Morada Nova;1;1;3;2;-;-;7
230880 Moraújo;1;1;2;2;2;-;8
230890 Morrinhos;-;5;7;7;-;-;19
230900 Mucambo;1;4;9;-;4;-;18
230910 Mulungu;-;2;1;1;-;-;4
230930 Nova Russas;1;-;3;-;1;-;5
230940 Novo Oriente;-;1;1;1;2;-;5
230945 Ocara;-;2;5;2;-;-;9
230960 Pacajus;1;3;7;5;2;-;18
230970 Pacatuba;2;1;2;3;-;-;8
230980 Pacoti;-;3;2;-;1;-;6
230990 Pacujá;1;2;1;3;2;-;9
231020 Paracuru;-;1;3;1;-;-;5
231025 Paraipaba;-;-;2;2;-;-;4
231030 Parambu;-;-;1;-;1;-;2
231050 Pedra Branca;-;-;1;1;-;-;2
231070 Pentecoste;-;-;1;2;-;-;3
231080 Pereiro;-;-;1;-;-;-;1
231085 Pindoretama;-;-;3;-;1;-;4
231090 Piquet Carneiro;-;-;-;1;-;-;1
231095 Pires Ferreira;1;-;1;-;-;-;2
231126 Quiterianópolis;1;1;1;3;-;-;6
231130 Quixadá;1;1;5;-;1;-;8
231135 Quixelô;-;1;-;-;-;-;1
231140 Quixeramobim;3;2;1;1;-;-;7
231150 Quixeré;1;1;-;-;-;-;2
231160 Redenção;-;1;-;1;-;-;2
231170 Reriutaba;2;2;4;-;1;-;9
231180 Russas;-;2;2;1;1;-;6
231190 Saboeiro;-;-;1;-;-;-;1
231220 Santa Quitéria;-;1;4;4;4;-;13
231200 Santana do Acaraú;7;10;8;6;8;-;39
231210 Santana do Cariri;-;-;-;-;1;-;1
231230 São Benedito;-;2;3;1;-;-;6
231240 São Gonçalo do Amarante;-;2;2;1;-;-;5
231250 São João do Jaguaribe;-;-;-;1;-;-;1
231270 Senador Pompeu;-;-;1;1;1;-;3
231280 Senador Sá;2;5;4;3;1;-;15
231290 Sobral;177;206;365;136;69;-;953
231300 Solonópole;-;-;1;1;-;-;2
231310 Tabuleiro do Norte;-;-;1;-;2;-;3
231320 Tamboril;-;2;2;1;1;-;6
231330 Tauá;-;-;1;-;2;-;3
231335 Tejuçuoca;-;-;-;1;-;-;1
231340 Tianguá;-;1;7;4;3;-;15
231350 Trairi;-;-;3;2;1;-;6
231360 Ubajara;-;2;2;2;1;-;7
231375 Umirim;-;1;3;-;-;-;4
231380 Uruburetama;-;1;-;-;-;-;1
231390 Uruoca;-;5;2;5;3;-;15
231395 Varjota;1;1;11;4;2;-;19
231410 Viçosa do Ceará;1;1;5;2;1;-;10
240010 Acari;-;-;1;-;-;-;1
240050 Alexandria;-;1;-;-;1;-;2
240080 Angicos;-;1;1;-;-;-;2
240090 Antônio Martins;-;-;1;-;-;-;1
240110 Areia Branca;-;-;1;-;-;-;1
240120 Arês;-;1;1;-;-;-;2
240130 Augusto Severo;-;-;1;-;-;-;1
240140 Baía Formosa;-;2;1;5;-;-;8
240150 Barcelona;-;-;2;-;-;-;2
240160 Bento Fernandes;1;-;-;-;-;-;1
240165 Bodó;-;-;-;1;-;-;1
240170 Bom Jesus;-;1;1;-;-;-;2
240180 Brejinho;1;-;1;1;-;-;3
240185 Caiçara do Norte;1;1;-;-;-;-;2
240190 Caiçara do Rio do Vento;-;-;3;-;-;-;3
240200 Caicó;-;-;2;-;1;-;3
240210 Campo Redondo;-;-;2;-;1;-;3
240220 Canguaretama;-;-;5;1;-;-;6
240240 Carnaúba dos Dantas;1;-;2;1;-;-;4
240250 Carnaubais;-;-;1;-;-;-;1
240260 Ceará-Mirim;6;4;20;11;1;-;42
240280 Coronel Ezequiel;-;-;3;1;-;-;4
240300 Cruzeta;-;1;-;-;2;-;3
240310 Currais Novos;1;-;5;2;-;-;8
240350 Espírito Santo;-;-;1;1;-;-;2
240360 Extremoz;9;4;24;4;4;-;45
240375 Fernando Pedroza;-;-;-;1;-;-;1
240410 Galinhos;-;1;-;-;-;-;1
240420 Goianinha;-;-;2;1;-;-;3
240440 Grossos;-;-;1;-;-;-;1
240450 Guamaré;-;3;2;-;1;-;6
240460 Ielmo Marinho;1;3;1;1;3;-;9
240470 Ipanguaçu;-;-;1;-;-;-;1
240500 Jaçanã;-;-;-;1;-;-;1
240510 Jandaíra;-;1;-;-;-;-;1
240540 Japi;-;1;-;-;-;-;1
240570 Jardim do Seridó;-;-;-;1;-;-;1
240580 João Câmara;1;1;9;2;3;-;16
240610 Jucurutu;-;1;2;-;1;-;4
240615 Jundiá;-;-;2;-;-;-;2
240620 Lagoa d'Anta;-;2;2;-;-;-;4
240630 Lagoa de Pedras;-;1;-;-;-;-;1
240640 Lagoa de Velhos;-;1;2;-;-;-;3
240650 Lagoa Nova;-;-;1;1;-;-;2
240660 Lagoa Salgada;1;-;1;2;-;-;4
240680 Lajes Pintadas;-;-;1;-;-;-;1
240710 Macaíba;1;2;11;7;3;-;24
240720 Macau;2;2;3;1;-;-;8
240750 Maxaranguape;-;2;8;4;1;-;15
240770 Montanhas;-;-;1;-;1;-;2
240780 Monte Alegre;2;-;-;3;-;-;5
240800 Mossoró;-;-;-;1;-;-;1
240810 Natal;80;124;401;181;90;1;877
240820 Nísia Floresta;-;1;2;2;-;-;5
240830 Nova Cruz;1;1;3;3;1;-;9
240880 Parazinho;-;-;1;-;-;-;1
240890 Parelhas;-;-;1;-;-;-;1
240325 Parnamirim;10;12;32;10;2;-;66
240910 Passa e Fica;-;-;1;-;-;-;1
240920 Passagem;-;-;-;-;1;-;1
240940 Pau dos Ferros;-;-;1;-;-;-;1
240970 Pedro Avelino;-;-;-;1;-;-;1
240980 Pedro Velho;-;1;2;-;1;-;4
240990 Pendências;1;-;-;-;-;-;1
241010 Poço Branco;1;1;2;-;2;-;6
241030 Serra Caiada (Presidente Juscelino);-;-;2;-;-;-;2
241040 Pureza;2;4;6;-;-;-;12
241090 Riachuelo;1;-;1;-;-;-;2
240895 Rio do Fogo;-;2;2;1;-;-;5
241120 Santa Cruz;-;2;1;1;-;-;4
240933 Santa Maria;-;-;1;2;-;-;3
241140 Santana do Matos;1;-;-;-;-;-;1
241150 Santo Antônio;1;-;3;-;1;-;5
241200 São Gonçalo do Amarante;6;12;24;9;7;-;58
241220 São José de Mipibu;3;2;5;3;2;-;15
241230 São José do Campestre;-;1;-;-;1;-;2
241250 São Miguel;1;1;-;1;1;-;4
241260 São Paulo do Potengi;-;1;1;1;1;-;4
241270 São Pedro;-;1;-;-;-;-;1
241280 São Rafael;-;-;1;-;-;-;1
241290 São Tomé;-;-;3;2;-;-;5
241300 São Vicente;-;-;2;-;-;-;2
241320 Senador Georgino Avelino;-;-;1;1;-;-;2
241330 Serra de São Bento;-;-;-;1;1;-;2
241335 Serra do Mel;-;-;1;1;-;-;2
241350 Serrinha;-;1;4;-;-;-;5
241370 Sítio Novo;-;-;-;1;-;-;1
241390 Taipu;-;3;4;1;1;-;9
241400 Tangará;1;2;1;1;1;-;6
241420 Tibau do Sul;-;-;3;-;-;-;3
241430 Timbaúba dos Batistas;1;-;-;-;-;-;1
241440 Touros;3;3;10;2;2;1;21
241450 Umarizal;-;-;-;-;1;-;1
241480 Vera Cruz;1;-;1;1;1;1;5
250010 Água Branca;-;1;-;-;-;-;1
250050 Alagoinha;2;1;-;-;-;-;3
250060 Alhandra;1;1;4;4;-;-;10
250080 Araçagi;-;-;-;1;-;-;1
250100 Araruna;-;-;-;1;1;-;2
250110 Areia;-;-;1;1;-;-;2
250130 Aroeiras;-;1;-;-;-;-;1
250140 Baía da Traição;2;1;1;1;-;-;5
250150 Bananeiras;-;1;-;-;-;-;1
250180 Bayeux;21;13;36;18;9;-;97
250190 Belém;-;1;-;-;1;-;2
250215 Boa Vista;1;-;1;-;-;-;2
250300 Caaporã;3;3;6;-;-;-;12
250320 Cabedelo;14;6;16;11;6;-;53
250360 Caiçara;1;-;-;-;1;-;2
250370 Cajazeiras;1;-;1;-;-;-;2
250380 Caldas Brandão;2;1;2;1;-;-;6
250400 Campina Grande;-;-;1;1;-;-;2
250403 Capim;1;-;2;2;-;-;5
250440 Conceição;-;-;-;-;1;-;1
250460 Conde;2;13;13;10;3;-;41
250490 Cruz do Espírito Santo;2;4;4;-;1;-;11
250510 Cuité;-;-;1;1;-;-;2
250523 Cuité de Mamanguape;1;-;1;-;1;-;3
250527 Curral de Cima;-;1;-;1;1;-;3
250570 Dona Inês;-;-;-;-;1;-;1
250630 Guarabira;2;2;4;-;-;-;8
250640 Gurinhém;1;1;2;1;-;-;5
250690 Itabaiana;1;6;4;1;-;-;12
250700 Itaporanga;-;1;-;-;-;-;1
250710 Itapororoca;-;-;3;3;3;-;9
250730 Jacaraú;-;-;4;1;-;-;5
250750 João Pessoa;209;249;536;245;89;1;1329
250790 Juripiranga;2;1;1;1;2;-;7
250800 Juru;1;-;-;-;-;-;1
250820 Lagoa de Dentro;-;-;1;-;-;-;1
250860 Lucena;1;2;6;2;1;-;12
250890 Mamanguape;-;4;13;6;2;-;25
250905 Marcação;1;3;1;-;-;-;5
250910 Mari;2;1;3;1;2;-;9
250920 Massaranduba;-;-;-;-;1;-;1
250930 Mataraca;2;1;9;6;2;-;20
250980 Mulungu;-;-;1;-;-;-;1
250990 Natuba;-;-;-;-;1;-;1
251080 Patos;-;-;1;-;-;-;1
251090 Paulista;-;1;2;-;-;-;3
251120 Pedras de Fogo;1;2;2;2;1;-;8
251272 Pedro Régis;1;1;-;-;2;-;4
251150 Pilar;-;1;4;1;-;-;6
251160 Pilões;-;1;1;-;1;-;3
251170 Pilõezinhos;-;-;-;-;1;-;1
251180 Pirpirituba;1;1;1;-;1;-;4
251190 Pitimbu;1;4;6;7;-;-;18
251210 Pombal;-;-;2;-;-;-;2
251276 Riachão do Poço;-;-;2;-;-;-;2
251290 Rio Tinto;4;4;5;2;-;-;15
251310 Salgado de São Félix;1;-;3;-;1;-;5
251315 Santa Cecília;-;-;-;-;1;-;1
251340 Santa Luzia;-;-;-;-;1;-;1
251370 Santa Rita;25;12;35;16;11;-;99
251385 Santo André;-;1;-;-;-;-;1
251390 São Bento;-;1;-;-;-;-;1
251400 São João do Cariri;-;-;-;-;1;-;1
251445 São José dos Ramos;1;-;-;1;-;-;2
251500 São Miguel de Taipu;1;1;1;1;2;-;6
251530 Sapé;6;6;11;2;3;-;28
251560 Serra da Raiz;-;-;-;2;-;-;2
251590 Serraria;-;-;1;-;1;-;2
251593 Sertãozinho;1;-;-;-;-;-;1
251597 Sobrado;1;2;1;-;1;-;5
251620 Sousa;-;-;1;-;1;-;2
251710 Várzea;-;-;1;-;-;-;1
260005 Abreu e Lima;17;26;35;17;2;-;97
260040 Água Preta;1;-;1;-;-;-;2
260050 Águas Belas;-;-;1;-;-;-;1
260070 Aliança;1;-;2;1;-;-;4
260105 Araçoiaba;1;3;2;-;-;-;6
260110 Araripina;-;-;-;1;-;-;1
260170 Belo Jardim;-;-;1;-;-;-;1
260190 Bezerros;1;-;-;2;-;-;3
260210 Bom Conselho;-;-;-;1;-;-;1
260220 Bom Jardim;-;-;1;1;-;-;2
260230 Bonito;1;-;-;-;-;-;1
260290 Cabo de Santo Agostinho;13;13;33;13;4;-;76
260310 Cachoeirinha;1;-;-;-;-;-;1
260320 Caetés;-;-;1;-;-;-;1
260345 Camaragibe;3;4;7;3;5;-;22
260360 Camutanga;-;1;-;-;-;-;1
260380 Capoeiras;-;-;-;-;1;-;1
260400 Carpina;-;2;1;2;1;-;6
260410 Caruaru;2;1;3;1;-;-;7
260450 Chã Grande;1;-;2;1;-;-;4
260480 Cortês;-;-;-;1;-;-;1
260500 Cupira;-;-;1;-;-;-;1
260510 Custódia;-;-;2;-;1;-;3
260520 Escada;3;3;1;2;2;-;11
260540 Feira Nova;1;-;1;-;-;-;2
260550 Ferreiros;1;-;1;-;-;-;2
260580 Frei Miguelinho;-;1;-;-;-;-;1
260590 Gameleira;2;1;1;-;-;-;4
260600 Garanhuns;1;1;3;-;-;-;5
260610 Glória do Goitá;1;3;3;-;1;-;8
260620 Goiana;1;3;3;2;1;-;10
260640 Gravatá;-;1;4;-;1;-;6
260650 Iati;-;1;1;-;-;-;2
260660 Ibimirim;-;-;-;1;-;-;1
260680 Igarassu;4;8;15;6;-;-;33
260760 Ilha de Itamaracá;2;2;4;2;2;-;12
260720 Ipojuca;2;3;9;-;1;-;15
260765 Itambé;1;2;1;1;-;-;5
260775 Itapissuma;2;-;6;-;-;-;8
260780 Itaquitinga;-;-;-;1;-;-;1
260790 Jaboatão dos Guararapes;207;264;507;228;90;1;1297
260810 João Alfredo;-;-;1;-;-;-;1
260850 Lagoa de Itaenga;2;-;-;-;-;-;2
260845 Lagoa do Carro;-;-;-;1;-;-;1
260875 Lagoa Grande;-;-;1;-;-;-;1
260890 Limoeiro;1;1;2;-;-;-;4
260900 Macaparana;-;-;-;1;-;-;1
260940 Moreno;7;10;19;16;2;1;55
260950 Nazaré da Mata;1;-;1;-;2;-;4
260960 Olinda;287;442;757;434;181;4;2105
260970 Orobó;1;1;-;-;-;-;2
261000 Palmares;1;-;3;-;-;-;4
261050 Passira;-;1;-;-;1;-;2
261060 Paudalho;-;-;2;-;1;-;3
261070 Paulista;74;172;276;149;75;-;746
261090 Pesqueira;2;-;2;-;-;-;4
261120 Poção;-;-;2;-;-;-;2
261130 Pombos;-;-;1;1;-;-;2
261140 Primavera;2;1;-;-;-;-;3
261160 Recife;94;195;468;216;86;1;1060
261180 Ribeirão;-;2;1;1;-;-;4
261190 Rio Formoso;2;1;1;-;-;-;4
261245 Santa Cruz;-;-;1;-;-;-;1
261250 Santa Cruz do Capibaribe;-;-;1;1;-;-;2
261300 São Bento do Una;-;1;-;-;-;-;1
261310 São Caitano;-;-;-;-;1;-;1
261370 São Lourenço da Mata;4;1;8;3;-;-;16
261380 São Vicente Ferrer;-;1;2;1;-;-;4
261390 Serra Talhada;-;-;-;1;-;-;1
261420 Sirinhaém;1;1;2;-;1;-;5
261450 Surubim;-;-;-;2;1;-;3
261485 Tamandaré;1;-;1;1;-;-;3
261530 Timbaúba;3;1;4;1;3;-;12
261580 Tupanatinga;-;1;-;-;-;-;1
261600 Venturosa;-;-;1;-;-;-;1
261630 Vicência;-;1;-;-;1;-;2
261640 Vitória de Santo Antão;1;-;12;2;1;-;16
261650 Xexéu;-;-;1;-;-;-;1
270020 Anadia;-;1;-;-;-;-;1
270040 Atalaia;-;2;1;-;-;-;3
270050 Barra de Santo Antônio;1;1;-;-;-;-;2
270060 Barra de São Miguel;-;1;1;-;-;-;2
270100 Boca da Mata;2;2;2;1;1;1;9
270110 Branquinha;-;1;-;-;1;-;2
270130 Cajueiro;1;-;2;-;-;-;3
270135 Campestre;-;-;1;-;-;-;1
270150 Campo Grande;-;-;-;1;-;-;1
270170 Capela;-;1;-;-;-;-;1
270190 Chã Preta;1;-;-;-;-;-;1
270210 Colônia Leopoldina;-;-;2;-;-;-;2
270220 Coqueiro Seco;1;2;-;-;-;-;3
270230 Coruripe;-;-;2;-;-;-;2
270280 Flexeiras;1;-;1;-;1;-;3
270300 Ibateguara;-;-;2;1;-;-;3
270360 Japaratinga;-;-;2;1;-;-;3
270380 Joaquim Gomes;2;-;2;-;-;-;4
270430 Maceió;98;103;245;99;39;8;592
270490 Mar Vermelho;-;1;2;-;-;-;3
270450 Maragogi;1;2;3;-;-;-;6
270470 Marechal Deodoro;9;5;12;6;-;-;32
270510 Matriz de Camaragibe;-;-;2;1;1;-;4
270520 Messias;-;2;2;1;2;-;7
270550 Murici;1;2;3;-;-;1;7
270560 Novo Lino;-;2;-;-;-;-;2
270644 Paripueira;-;-;1;-;-;-;1
270650 Passo de Camaragibe;1;-;1;1;-;-;3
270660 Paulo Jacinto;-;1;-;-;-;-;1
270670 Penedo;-;-;-;1;-;-;1
270690 Pilar;2;1;5;2;2;-;12
270730 Porto Calvo;1;-;1;-;-;-;2
270740 Porto de Pedras;1;-;1;1;-;-;3
270770 Rio Largo;4;3;11;5;2;-;25
270780 Roteiro;2;-;-;-;-;-;2
270790 Santa Luzia do Norte;2;1;4;2;-;-;9
270800 Santana do Ipanema;-;1;-;-;-;-;1
270810 Santana do Mundaú;-;-;1;-;-;-;1
270820 São Brás;-;-;-;-;-;1;1
270830 São José da Laje;-;-;-;1;1;-;2
270850 São Luís do Quitunde;1;2;2;1;-;-;6
270860 São Miguel dos Campos;1;-;3;1;-;3;8
270870 São Miguel dos Milagres;-;-;-;1;-;-;1
270890 Satuba;1;1;5;2;1;-;10
270930 União dos Palmares;-;-;1;1;1;-;3
270940 Viçosa;1;1;-;-;-;-;2
280020 Aquidabã;4;3;3;1;1;1;13
280030 Aracaju;118;189;504;199;72;21;1103
280040 Arauá;1;1;-;-;-;-;2
280050 Areia Branca;1;2;2;1;-;-;6
280060 Barra dos Coqueiros;3;1;18;4;1;-;27
280067 Boquim;-;-;2;-;1;-;3
280070 Brejo Grande;1;-;1;-;1;-;3
280100 Campo do Brito;-;-;1;1;-;-;2
280110 Canhoba;-;-;1;-;-;-;1
280120 Canindé de São Francisco;1;1;1;-;-;-;3
280130 Capela;-;-;9;5;-;-;14
280150 Carmópolis;-;1;6;3;1;-;11
280170 Cristinápolis;1;-;1;-;-;1;3
280190 Cumbe;-;1;-;-;-;-;1
280200 Divina Pastora;-;-;1;1;1;-;3
280210 Estância;3;2;4;3;1;2;15
280220 Feira Nova;-;1;1;-;-;-;2
280230 Frei Paulo;1;2;3;1;-;-;7
280240 Gararu;-;-;2;-;-;-;2
280260 Gracho Cardoso;-;-;-;1;-;-;1
280270 Ilha das Flores;-;1;1;-;-;-;2
280290 Itabaiana;1;2;13;3;1;1;21
280300 Itabaianinha;5;1;6;1;1;-;14
280320 Itaporanga d'Ajuda;5;3;10;1;2;-;21
280330 Japaratuba;3;-;5;2;1;-;11
280340 Japoatã;-;-;1;-;1;-;2
280350 Lagarto;1;2;4;2;1;-;10
280360 Laranjeiras;2;5;14;2;2;1;26
280380 Malhada dos Bois;-;-;-;-;1;-;1
280390 Malhador;-;1;-;-;-;-;1
280400 Maruim;2;2;6;3;1;2;16
280410 Moita Bonita;-;1;-;-;-;-;1
280420 Monte Alegre de Sergipe;-;-;-;-;2;-;2
280430 Muribeca;-;2;1;-;-;-;3
280440 Neópolis;-;-;1;1;-;1;3
280445 Nossa Senhora Aparecida;-;-;-;1;1;-;2
280450 Nossa Senhora da Glória;1;-;2;-;1;-;4
280460 Nossa Senhora das Dores;2;1;1;2;2;1;9
280480 Nossa Senhora do Socorro;38;43;86;38;16;3;224
280490 Pacatuba;-;-;2;-;-;-;2
280530 Pirambu;1;-;1;3;-;-;5
280540 Poço Redondo;-;-;2;-;-;-;2
280550 Poço Verde;-;1;1;2;3;-;7
280560 Porto da Folha;-;2;-;1;-;-;3
280570 Propriá;1;2;4;2;-;-;9
280580 Riachão do Dantas;-;1;1;-;1;-;3
280590 Riachuelo;-;1;2;-;-;-;3
280600 Ribeirópolis;1;-;1;-;-;1;3
280610 Rosário do Catete;1;-;-;-;1;-;2
280620 Salgado;1;-;-;3;1;-;5
280630 Santa Luzia do Itanhy;2;-;-;1;-;-;3
280650 Santa Rosa de Lima;-;-;1;-;1;-;2
280660 Santo Amaro das Brotas;3;-;4;1;2;-;10
280670 São Cristóvão;19;18;49;19;6;2;113
280680 São Domingos;-;1;1;1;-;-;3
280690 São Francisco;-;-;1;-;-;-;1
280710 Simão Dias;2;1;4;-;1;-;8
280720 Siriri;-;2;1;-;1;-;4
280730 Telha;-;1;-;-;-;-;1
280740 Tobias Barreto;1;1;-;-;-;-;2
280750 Tomar do Geru;1;1;2;-;1;1;6
280760 Umbaúba;1;5;1;1;1;-;9
290020 Abaré;-;-;-;1;-;-;1
290035 Adustina;1;2;1;1;-;-;5
290080 Alcobaça;-;-;-;-;1;-;1
290100 Amargosa;-;1;1;-;-;-;2
290110 Amélia Rodrigues;-;-;-;3;-;-;3
290115 América Dourada;-;-;1;-;-;-;1
290160 Antas;-;-;-;1;-;-;1
290210 Araci;1;-;-;1;-;-;2
290260 Baixa Grande;-;1;-;-;-;-;1
290265 Banzaê;-;-;-;-;-;1;1
290270 Barra;1;-;1;-;-;-;2
290327 Barrocas;-;-;2;-;-;-;2
290405 Bonito;-;1;-;-;-;-;1
290490 Cachoeira;1;1;-;-;-;-;2
290520 Caetité;-;-;-;-;1;-;1
290570 Camaçari;1;-;3;4;-;-;8
290650 Candeias;1;-;-;-;1;-;2
290680 Cansanção;-;-;-;-;1;-;1
290687 Capim Grosso;-;-;1;-;-;-;1
290750 Catu;1;-;-;-;-;-;1
290820 Conceição da Feira;-;-;1;-;-;-;1
290840 Conceição do Coité;-;1;1;-;-;-;2
290850 Conceição do Jacuípe;1;-;1;-;-;-;2
290920 Coronel João Sá;1;-;3;-;-;1;5
290930 Correntina;-;-;-;1;-;-;1
290960 Crisópolis;-;-;-;1;-;-;1
291005 Dias d'Ávila;-;3;2;-;-;-;5
291070 Euclides da Cunha;-;1;-;-;-;-;1
291075 Fátima;-;-;1;1;-;-;2
291080 Feira de Santana;-;-;2;-;-;-;2
291140 Glória;-;-;1;-;-;-;1
291160 Governador Mangabeira;-;1;-;-;-;-;1
291170 Guanambi;-;-;1;-;-;-;1
291440 Iraquara;-;-;-;1;-;-;1
291610 Itaparica;-;-;1;-;-;-;1
291650 Itapicuru;1;1;-;-;-;-;2
291750 Jacobina;-;1;-;-;1;-;2
291780 Jaguaripe;-;-;-;1;-;-;1
291810 Jeremoabo;-;-;-;1;-;-;1
291820 Jiquiriçá;1;-;-;1;-;-;2
291920 Lauro de Freitas;5;1;7;4;1;-;18
291990 Macururé;-;-;1;-;-;-;1
292010 Mairi;-;-;1;-;-;-;1
292100 Mata de São João;-;-;1;-;1;-;2
292120 Miguel Calmon;-;-;-;-;2;-;2
292150 Monte Santo;1;-;-;-;-;-;1
292230 Muritiba;-;-;-;1;-;-;1
292265 Nordestina;-;-;1;-;-;-;1
292300 Nova Viçosa;1;-;-;-;-;-;1
292303 Novo Horizonte;-;-;1;-;-;-;1
292310 Olindina;1;-;-;-;-;-;1
292380 Paripiranga;-;-;2;-;-;-;2
292400 Paulo Afonso;-;-;1;1;-;-;2
292420 Pedro Alexandre;1;-;1;-;-;-;2
292520 Pojuca;-;-;1;-;-;-;1
292580 Queimadas;-;1;-;-;-;-;1
292595 Rafael Jambeiro;-;-;1;-;-;-;1
292650 Ribeira do Amparo;-;-;-;1;-;-;1
292660 Ribeira do Pombal;-;-;1;-;-;-;1
292700 Rio Real;-;2;5;1;-;-;8
292740 Salvador;147;131;301;180;77;3;839
292750 Santa Bárbara;-;1;-;-;-;-;1
292760 Santa Brígida;-;-;-;-;1;-;1
292805 Santa Luzia;-;-;-;-;1;-;1
292860 Santo Amaro;-;-;1;1;-;-;2
292910 São Felipe;1;-;-;-;-;-;1
292950 São Sebastião do Passé;-;1;1;-;-;-;2
292980 Saúde;1;-;-;-;-;-;1
293050 Serrinha;1;-;-;-;-;-;1
293070 Simões Filho;3;-;4;5;4;-;16
293076 Sítio do Quinto;-;-;1;-;-;-;1
293245 Umburanas;-;1;-;-;-;-;1
293290 Valença;1;-;-;2;-;-;3
293300 Valente;-;-;2;-;1;-;3
293305 Várzea da Roça;-;-;1;-;-;-;1
293320 Vera Cruz;-;-;-;2;-;-;2
310010 Abadia dos Dourados;-;-;1;-;-;-;1
310020 Abaeté;-;-;-;-;1;-;1
310030 Abre Campo;-;-;1;1;-;-;2
310060 Água Boa;-;-;-;-;1;-;1
310400 Araxá;-;-;1;-;-;-;1
310450 Arinos;-;1;-;-;-;-;1
310500 Baldim;-;-;-;1;-;-;1
310620 Belo Horizonte;144;176;466;224;78;1;1089
310630 Belo Oriente;-;-;-;1;-;-;1
310670 Betim;2;2;3;4;2;-;13
310900 Brumadinho;1;-;-;-;-;-;1
310940 Buritizeiro;-;-;1;-;-;-;1
311000 Caeté;1;-;-;-;-;-;1
311060 Cambuí;-;-;1;-;-;-;1
311530 Cataguases;-;-;1;-;-;-;1
311800 Congonhas;-;-;1;-;-;-;1
311860 Contagem;3;10;19;8;6;1;47
311910 Corinto;-;-;1;-;-;-;1
311940 Coronel Fabriciano;-;1;-;-;-;-;1
312090 Curvelo;1;-;-;-;-;-;1
312220 Divinolândia de Minas;-;-;-;1;-;-;1
312410 Esmeraldas;-;-;2;2;-;-;4
312570 Felixlândia;-;-;-;1;-;-;1
312620 Formoso;-;-;-;1;-;-;1
312700 Fronteira;-;1;1;1;-;-;3
312980 Ibirité;1;-;1;2;-;-;4
313010 Igarapé;-;-;1;1;-;-;2
313090 Inhapim;-;-;1;-;-;-;1
313190 Itabirito;1;-;2;1;-;-;4
313240 Itajubá;-;-;-;1;-;-;1
313460 Jaboticatubas;-;-;1;-;-;-;1
313490 Jacutinga;-;-;-;-;1;-;1
313657 Josenópolis;-;-;-;1;-;-;1
313665 Juatuba;-;1;1;-;-;-;2
313760 Lagoa Santa;1;-;9;5;-;-;15
313960 Mantena;-;1;-;-;-;-;1
314110 Matozinhos;-;1;-;-;-;-;1
314180 Minas Novas;-;-;-;1;-;-;1
314340 Monte Sião;-;-;-;-;1;-;1
314380 Munhoz;-;-;-;-;1;-;1
314480 Nova Lima;1;-;5;1;-;-;7
313660 Nova União;-;1;-;-;-;-;1
314590 Ouro Branco;1;-;-;-;-;-;1
314610 Ouro Preto;-;-;-;-;1;-;1
314710 Pará de Minas;-;-;1;-;-;-;1
314700 Paracatu;-;-;1;1;-;-;2
314890 Pedra do Indaiá;-;-;1;-;-;-;1
314930 Pedro Leopoldo;2;2;4;2;-;-;10
315320 Presidente Juscelino;-;-;1;-;-;-;1
315390 Raposos;1;-;-;1;-;-;2
315460 Ribeirão das Neves;10;10;10;9;3;-;42
315470 Ribeirão Vermelho;-;1;-;-;-;-;1
315480 Rio Acima;-;-;-;1;-;-;1
315670 Sabará;10;9;12;2;2;-;35
315700 Salinas;-;-;-;1;-;-;1
315780 Santa Luzia;12;6;14;6;-;-;38
315900 Santana do Riacho;-;-;1;3;1;-;5
316165 São Geraldo do Baixio;-;-;-;-;1;-;1
316190 São Gonçalo do Rio Abaixo;-;1;-;-;-;-;1
316295 São José da Lapa;1;2;-;3;-;-;6
316430 São Roque de Minas;-;-;-;1;-;-;1
316720 Sete Lagoas;-;-;2;-;-;-;2
317010 Uberaba;-;-;-;1;-;-;1
317040 Unaí;-;-;3;2;1;-;6
317120 Vespasiano;10;8;10;7;4;-;39
320010 Afonso Cláudio;-;-;1;4;1;-;6
320030 Alfredo Chaves;-;-;2;2;2;-;6
320060 Aracruz;3;1;2;-;-;-;6
320080 Baixo Guandu;1;-;-;-;-;-;1
320090 Barra de São Francisco;-;-;2;-;-;-;2
320115 Brejetuba;-;-;2;1;-;-;3
320130 Cariacica;81;87;102;53;27;-;350
320140 Castelo;-;1;2;1;1;-;5
320150 Colatina;1;1;-;1;-;-;3
320170 Conceição do Castelo;1;1;2;-;1;-;5
320190 Domingos Martins;2;2;7;1;5;-;17
320220 Fundão;6;1;2;-;-;-;9
320240 Guarapari;4;3;2;3;4;-;16
320245 Ibatiba;-;-;1;2;-;-;3
320260 Iconha;-;-;1;-;-;-;1
320280 Itapemirim;-;1;-;-;-;-;1
320290 Itarana;2;-;-;-;-;-;2
320300 Iúna;1;-;-;-;-;-;1
320305 Jaguaré;-;-;-;1;-;-;1
320313 João Neiva;-;1;1;1;-;-;3
320316 Laranja da Terra;-;-;1;-;-;-;1
320320 Linhares;2;-;-;-;-;-;2
320334 Marechal Floriano;3;1;8;5;1;-;18
320370 Muniz Freire;-;-;1;-;-;-;1
320420 Piúma;-;-;2;-;-;-;2
320450 Santa Leopoldina;-;1;2;2;1;-;6
320455 Santa Maria de Jetibá;1;5;4;4;-;-;14
320460 Santa Teresa;-;-;2;-;-;-;2
320470 São Gabriel da Palha;-;1;-;-;-;-;1
320500 Serra;168;155;49;19;6;-;397
320501 Sooretama;1;-;-;-;-;-;1
320506 Venda Nova do Imigrante;-;3;-;3;-;-;6
320510 Viana;21;17;32;11;7;-;88
320517 Vila Valério;-;-;1;-;1;-;2
320520 Vila Velha;29;21;41;28;15;-;134
320530 Vitória;180;184;216;126;70;-;776
330010 Angra dos Reis;-;-;-;1;-;-;1
330045 Belford Roxo;-;2;3;2;-;-;7
330170 Duque de Caxias;5;1;8;5;1;-;20
330200 Itaguaí;-;-;2;-;-;-;2
330227 Japeri;-;-;2;1;1;-;4
330285 Mesquita;1;3;2;-;-;-;6
330320 Nilópolis;2;1;2;2;1;-;8
330330 Niterói;-;1;3;1;1;-;6
330350 Nova Iguaçu;7;10;16;6;2;-;41
330390 Petrópolis;-;-;1;-;-;-;1
330414 Queimados;1;1;-;1;-;-;3
330455 Rio de Janeiro;260;374;696;447;210;5;1992
330490 São Gonçalo;-;1;1;3;1;-;6
330510 São João de Meriti;2;-;2;3;2;-;9
330555 Seropédica;-;-;1;2;1;-;4
330560 Silva Jardim;-;-;-;1;-;-;1
350020 Adolfo;-;1;-;-;-;-;1
350050 Águas de Lindóia;-;-;1;-;-;-;1
350100 Altinópolis;-;1;1;2;-;-;4
350160 Americana;-;1;2;-;-;-;3
350200 Analândia;-;-;1;-;-;-;1
350250 Aparecida;-;-;1;-;-;-;1
350280 Araçatuba;-;-;-;2;-;-;2
350320 Araraquara;-;-;1;-;-;-;1
350390 Arujá;-;1;-;-;-;-;1
350410 Atibaia;3;3;1;1;-;-;8
350420 Auriflama;-;-;2;-;-;-;2
350460 Bady Bassitt;2;2;5;4;2;-;15
350480 Bálsamo;-;2;3;2;1;-;8
350550 Barretos;-;-;-;2;-;-;2
350560 Barrinha;1;-;1;-;-;-;2
350600 Bauru;-;-;-;1;-;-;1
350780 Brodowski;-;-;1;-;1;-;2
350810 Buritama;-;-;-;1;-;-;1
350840 Cabreúva;5;11;5;2;4;-;27
350900 Caieiras;-;1;2;-;-;-;3
350920 Cajamar;3;2;1;-;-;-;6
350940 Cajuru;-;-;-;2;1;-;3
350950 Campinas;134;165;305;165;90;1;860
350960 Campo Limpo Paulista;4;6;13;10;10;-;43
351070 Cardoso;-;-;-;1;-;-;1
351090 Cássia dos Coqueiros;1;-;-;-;-;-;1
351110 Catanduva;-;2;1;-;-;-;3
351130 Cedral;-;-;1;2;-;-;3
351280 Cosmópolis;-;-;1;2;-;-;3
351310 Cravinhos;-;2;8;3;2;-;15
351380 Diadema;121;155;315;161;42;1;795
351390 Divinolândia;1;-;-;-;-;-;1
351430 Dourado;-;-;-;-;1;-;1
351490 Elias Fausto;-;-;1;-;-;-;1
351610 Florínia;-;1;-;2;-;-;3
351620 Franca;-;-;1;-;-;-;1
351630 Francisco Morato;-;-;1;2;-;-;3
351640 Franco da Rocha;-;-;2;-;-;-;2
351750 Guapiaçu;1;2;6;2;2;-;13
351760 Guapiara;-;-;-;-;1;-;1
351770 Guará;-;-;-;-;1;-;1
351820 Guararapes;-;-;-;1;-;-;1
351830 Guararema;-;-;1;-;-;-;1
351860 Guariba;2;-;-;1;-;-;3
351870 Guarujá;-;-;1;-;-;-;1
351880 Guarulhos;199;308;402;210;96;-;1215
351885 Guatapará;-;-;1;-;-;-;1
351900 Herculândia;-;-;1;-;-;-;1
351905 Holambra;-;-;1;-;-;-;1
351907 Hortolândia;1;5;11;3;-;-;20
351940 Ibirá;1;1;1;-;-;-;3
351980 Icém;1;1;4;-;-;-;6
352050 Indaiatuba;1;-;1;-;-;-;2
352115 Ipiguá;-;-;1;2;1;-;4
352260 Itapira;-;-;1;-;1;-;2
352310 Itaquaquecetuba;-;-;2;-;-;-;2
352340 Itatiba;-;1;3;1;2;-;7
352390 Itu;1;1;1;1;-;-;4
352400 Itupeva;6;12;21;5;-;-;44
352430 Jaboticabal;-;1;1;-;-;-;2
352450 Jaci;-;-;1;-;1;-;2
352470 Jaguariúna;-;-;4;2;-;-;6
352510 Jardinópolis;3;1;8;6;2;-;20
352520 Jarinu;1;2;8;3;2;-;16
352530 Jaú;-;-;1;-;-;-;1
352550 Joanópolis;-;1;-;-;-;-;1
352570 José Bonifácio;-;-;1;1;-;-;2
352590 Jundiaí;233;316;428;227;95;-;1299
352730 Louveira;-;2;4;2;1;-;9
352760 Luís Antônio;-;-;1;-;-;-;1
352810 Macaubal;-;-;1;-;-;-;1
352830 Magda;-;-;1;-;-;-;1
352850 Mairiporã;1;-;1;-;-;-;2
352920 Martinópolis;-;-;-;1;-;-;1
352940 Mauá;4;8;32;10;3;-;57
352950 Mendonça;-;-;2;-;-;-;2
353030 Mirassol;2;3;9;3;2;-;19
353040 Mirassolândia;1;3;1;2;1;-;8
353060 Mogi das Cruzes;-;-;1;-;-;-;1
353130 Monte Alto;-;-;-;1;-;1;2
353140 Monte Aprazível;1;1;2;-;1;-;5
353180 Monte Mor;1;2;1;-;-;-;4
353200 Morungaba;-;-;3;2;1;-;6
353250 Neves Paulista;-;-;2;-;-;-;2
353260 Nhandeara;-;-;-;1;-;-;1
353270 Nipoã;1;-;-;2;-;-;3
353280 Nova Aliança;-;1;-;1;1;-;3
353300 Nova Granada;2;1;6;-;3;-;12
353340 Nova Odessa;-;-;1;-;-;-;1
353350 Novo Horizonte;-;-;-;-;1;-;1
353390 Olímpia;-;1;2;-;1;-;4
353400 Onda Verde;-;2;3;-;-;-;5
353420 Orindiúva;-;1;-;-;1;-;2
353440 Osasco;-;-;1;-;-;-;1
353500 Palestina;-;2;2;-;-;-;4
353650 Paulínia;1;2;4;3;-;-;10
353660 Paulo de Faria;-;-;-;1;-;-;1
353930 Pirassununga;-;-;1;-;-;-;1
353950 Pitangueiras;-;-;-;-;1;-;1
353990 Poloni;-;1;-;-;-;-;1
354020 Pontal;2;-;3;1;-;-;6
354030 Pontes Gestal;-;1;-;-;-;-;1
354060 Porto Feliz;-;2;-;-;-;-;2
354080 Potirendaba;2;1;2;-;3;-;8
354090 Pradópolis;1;-;1;-;-;-;2
354330 Ribeirão Pires;-;-;1;2;-;-;3
354340 Ribeirão Preto;41;119;234;105;87;5;591
354410 Rio Grande da Serra;-;-;-;1;-;-;1
354420 Riolândia;1;-;-;-;-;-;1
354425 Rosana;-;1;-;-;-;-;1
354515 Saltinho;-;-;1;-;-;-;1
354580 Santa Bárbara d'Oeste;-;1;-;-;-;-;1
354630 Santa Cruz das Palmeiras;1;-;-;-;-;-;1
354660 Santa Fé do Sul;-;-;-;1;-;-;1
354750 Santa Rita do Passa Quatro;-;-;1;-;-;-;1
354760 Santa Rosa de Viterbo;-;1;1;2;1;-;5
354780 Santo André;345;469;803;385;231;3;2236
354790 Santo Antônio da Alegria;1;-;1;-;-;-;2
354800 Santo Antônio de Posse;1;-;-;-;-;-;1
354850 Santos;-;-;-;1;-;-;1
354870 São Bernardo do Campo;7;18;43;21;4;-;93
354880 São Caetano do Sul;-;3;3;5;-;-;11
354890 São Carlos;-;-;-;2;-;-;2
354980 São José do Rio Preto;101;163;499;253;131;-;1147
355030 São Paulo;23;39;141;41;18;-;262
355070 São Sebastião;1;-;-;-;-;-;1
355090 São Simão;-;-;2;-;3;-;5
355100 São Vicente;1;-;1;-;-;-;2
355150 Serrana;2;-;7;3;2;-;14
355170 Sertãozinho;-;-;-;-;1;-;1
355190 Severínia;-;-;1;-;-;-;1
355220 Sorocaba;-;-;2;-;-;-;2
355240 Sumaré;-;3;3;4;1;-;11
355250 Suzano;-;4;-;-;-;-;4
355340 Tanabi;-;1;1;1;2;-;5
355410 Taubaté;-;-;-;1;-;-;1
355560 Uchoa;1;1;-;1;2;-;5
355570 União Paulista;-;-;1;-;-;-;1
355620 Valinhos;-;2;2;2;1;-;7
355650 Várzea Paulista;21;14;33;18;9;-;95
355670 Vinhedo;-;1;4;4;-;-;9
355700 Votorantim;-;1;-;-;-;-;1
355710 Votuporanga;1;1;1;-;-;-;3
410030 Agudos do Sul;-;-;1;-;-;-;1
410040 Almirante Tamandaré;9;10;17;8;4;-;48
410180 Araucária;-;-;7;4;2;-;13
410400 Campina Grande do Sul;-;1;3;1;-;-;5
410420 Campo Largo;1;-;6;3;-;-;10
410425 Campo Magro;1;-;6;2;1;-;10
410580 Colombo;3;11;29;9;8;-;60
410620 Contenda;-;-;1;-;-;-;1
410690 Curitiba;121;274;542;256;145;-;1338
410700 Curiúva;-;-;-;-;1;-;1
410765 Fazenda Rio Grande;-;4;4;2;-;-;10
410850 General Carneiro;-;-;-;1;-;-;1
410940 Guarapuava;-;-;1;-;-;-;1
411125 Itaperuçu;1;4;1;1;1;-;8
411320 Lapa;-;-;2;1;-;-;3
411430 Mandirituba;-;-;2;2;-;-;4
411570 Matinhos;1;2;-;-;1;-;4
411580 Medianeira;-;-;-;1;-;-;1
411610 Moreira Sales;-;-;1;-;-;-;1
411620 Morretes;-;-;-;1;-;-;1
411915 Pinhais;3;19;22;13;4;-;61
411950 Piraquara;6;8;14;5;-;-;33
411990 Ponta Grossa;-;-;1;-;-;-;1
411995 Pontal do Paraná;-;1;1;-;-;-;2
412080 Quatro Barras;-;-;-;2;-;-;2
412120 Quitandinha;-;-;1;-;-;-;1
412220 Rio Branco do Sul;-;1;3;-;-;-;4
412340 Santa Fé;-;-;1;-;-;-;1
412550 São José dos Pinhais;4;4;27;7;5;-;47
412560 São Mateus do Sul;-;-;1;-;1;-;2
412600 São Sebastião da Amoreira;-;-;1;-;-;-;1
412620 Sapopema;-;-;-;1;-;-;1
412760 Tijucas do Sul;-;-;1;-;1;-;2
420060 Águas Mornas;-;1;-;-;-;-;1
420120 Antônio Carlos;-;-;1;-;-;-;1
420140 Araranguá;-;-;-;1;-;-;1
420200 Balneário Camboriú;-;-;-;2;1;-;3
421280 Balneário Piçarras;-;-;-;-;1;-;1
420208 Bandeirante;-;1;-;-;-;-;1
420210 Barra Velha;-;-;1;-;-;-;1
420230 Biguaçu;-;2;7;1;-;-;10
420240 Blumenau;-;-;2;-;-;-;2
420250 Bom Jardim da Serra;-;-;1;-;-;-;1
420280 Braço do Norte;-;-;1;-;-;-;1
420320 Camboriú;-;-;1;-;-;-;1
420370 Canelinha;-;-;1;-;-;-;1
420460 Criciúma;-;-;-;-;1;-;1
420540 Florianópolis;169;316;839;352;114;6;1796
420545 Forquilhinha;-;-;1;-;-;-;1
420570 Garopaba;-;-;2;-;1;-;3
420600 Governador Celso Ramos;-;1;1;-;-;-;2
420630 Guabiruba;-;-;-;1;-;-;1
420730 Imbituba;-;1;-;-;-;-;1
420790 Irineópolis;-;1;-;-;-;-;1
420820 Itajaí;-;-;-;-;1;-;1
420845 Itapoá;-;-;1;-;-;-;1
420890 Jaraguá do Sul;-;1;1;-;-;-;2
420910 Joinville;-;-;1;1;-;-;2
420920 Lacerdópolis;-;-;-;1;-;-;1
420930 Lages;-;-;-;1;-;-;1
420940 Laguna;-;-;-;1;-;-;1
421020 Major Gercino;-;-;1;-;-;-;1
421085 Mirim Doce;-;-;-;1;-;-;1
421150 Nova Trento;-;-;-;1;-;-;1
421190 Palhoça;-;2;14;5;-;-;21
421230 Paulo Lopes;-;-;1;2;-;-;3
421290 Pinhalzinho;-;-;1;-;-;-;1
421350 Porto Belo;-;1;-;-;-;-;1
421400 Presidente Getúlio;-;-;-;1;-;-;1
421480 Rio do Sul;-;-;-;1;-;-;1
421530 Salete;-;-;-;-;1;-;1
421565 Santa Rosa do Sul;-;-;-;1;-;-;1
421570 Santo Amaro da Imperatriz;-;1;1;5;-;-;7
421660 São José;2;5;23;10;4;-;44
421740 Schroeder;-;1;-;-;-;-;1
421770 Sombrio;-;-;1;-;-;-;1
421780 Taió;-;-;-;1;-;-;1
421800 Tijucas;-;1;1;1;1;-;4
421860 Trombudo Central;-;1;-;-;-;-;1
421930 Videira;-;-;-;1;1;-;2
421935 Vitor Meireles;-;1;-;-;-;-;1
421970 Xaxim;-;-;-;1;-;-;1
430060 Alvorada;21;32;36;33;7;-;129
430063 Amaral Ferrador;-;-;-;1;-;-;1
430110 Arroio dos Ratos;-;1;1;-;-;-;2
430175 Barão do Triunfo;-;-;-;1;1;-;2
430190 Barra do Ribeiro;2;-;-;1;-;-;3
430270 Butiá;-;-;1;1;1;-;3
430310 Cachoeirinha;4;5;6;12;4;-;31
430460 Canoas;5;2;9;13;-;-;29
430463 Capão da Canoa;-;-;1;-;-;-;1
430467 Capivari do Sul;-;-;-;1;-;-;1
430510 Caxias do Sul;-;-;1;-;-;-;1
430517 Cerro Grande do Sul;-;-;1;1;-;-;2
430535 Charqueadas;-;-;2;1;1;-;4
430545 Cidreira;-;-;-;-;1;-;1
430640 Dois Irmãos;-;-;1;-;-;-;1
430676 Eldorado do Sul;1;2;2;2;1;-;8
430680 Encantado;-;-;1;-;-;-;1
430692 Engenho Velho;-;-;1;-;-;-;1
430760 Estância Velha;-;-;1;-;-;-;1
430770 Esteio;-;-;-;1;-;-;1
430905 Glorinha;1;-;-;-;-;-;1
430920 Gravataí;3;5;12;8;2;-;30
430930 Guaíba;3;1;3;2;-;-;9
431033 Imbé;-;1;1;-;-;-;2
431065 Itati;-;-;-;1;-;-;1
431162 Lindolfo Collor;-;-;-;-;1;-;1
431173 Mampituba;-;-;-;-;1;-;1
431198 Mariana Pimentel;-;-;-;1;-;-;1
431225 Minas do Leão;1;2;1;1;-;-;5
431337 Nova Santa Rita;-;-;2;-;-;-;2
431340 Novo Hamburgo;1;-;1;1;-;-;3
431365 Palmares do Sul;-;-;-;1;-;-;1
431445 Pinhal;-;-;-;1;-;-;1
431490 Porto Alegre;209;258;514;295;173;-;1449
431514 Presidente Lucena;-;-;-;1;-;-;1
431600 Rolante;-;-;-;-;1;-;1
431760 Santo Antônio da Patrulha;-;-;1;1;-;-;2
431840 São Jerônimo;1;-;-;-;-;-;1
431870 São Leopoldo;2;1;1;-;-;-;4
431950 São Sebastião do Caí;1;-;-;-;-;-;1
431990 Sapiranga;-;-;2;-;-;-;2
432000 Sapucaia do Sul;1;-;-;1;-;-;2
432055 Sertão Santana;-;-;2;-;-;-;2
432085 Tabaí;-;-;-;-;1;-;1
432110 Tapes;1;2;-;-;-;-;3
432120 Taquara;-;-;1;-;-;-;1
432150 Torres;1;-;-;-;-;-;1
432160 Tramandaí;-;-;-;1;-;-;1
432166 Três Cachoeiras;-;-;-;1;-;-;1
432200 Triunfo;-;-;2;-;-;-;2
432250 Vacaria;-;-;1;-;-;-;1
432300 Viamão;33;26;39;30;17;-;145
500020 Água Clara;1;-;-;-;-;-;1
500025 Alcinópolis;-;-;2;-;-;-;2
500100 Aparecida do Taboado;-;-;1;-;-;-;1
500110 Aquidauana;-;-;-;-;1;-;1
500150 Bandeirantes;-;-;-;1;-;-;1
500210 Bela Vista;1;1;1;-;-;-;3
500220 Bonito;-;-;-;-;1;-;1
500230 Brasilândia;-;-;-;-;1;-;1
500260 Camapuã;-;-;1;-;2;-;3
500270 Campo Grande;259;314;813;331;151;3;1871
500295 Chapadão do Sul;-;1;1;1;-;-;3
500310 Corguinho;-;-;1;-;-;-;1
500320 Corumbá;-;1;-;-;-;-;1
500325 Costa Rica;-;-;-;1;-;-;1
500330 Coxim;-;-;-;1;-;-;1
500490 Jaraguari;2;1;-;1;-;-;4
500500 Jardim;-;-;1;1;-;-;2
500540 Maracaju;-;1;-;-;-;-;1
500560 Miranda;-;-;2;-;-;-;2
500580 Nioaque;-;-;-;1;-;-;1
500600 Nova Alvorada do Sul;-;-;1;-;-;-;1
500710 Ribas do Rio Pardo;-;-;3;1;-;-;4
500730 Rio Negro;-;-;2;2;-;-;4
500740 Rio Verde de Mato Grosso;-;-;2;-;1;-;3
500750 Rochedo;-;1;3;3;-;-;7
500769 São Gabriel do Oeste;-;1;2;1;-;-;4
500790 Sidrolândia;1;-;4;-;-;-;5
500793 Sonora;-;1;-;-;-;-;1
500800 Terenos;1;3;2;5;1;-;12
510010 Acorizal;1;-;-;2;1;-;4
510025 Alta Floresta;-;-;-;1;-;-;1
510190 Brasnorte;-;-;1;-;-;-;1
510267 Campo Verde;-;-;1;-;-;-;1
510300 Chapada dos Guimarães;2;3;4;1;1;-;11
510305 Cláudia;-;1;-;-;-;-;1
510335 Confresa;-;-;1;-;1;-;2
510340 Cuiabá;97;89;271;105;25;-;587
510410 Guarantã do Norte;-;1;-;-;-;-;1
510490 Jangada;-;1;-;-;-;-;1
510510 Juara;-;-;-;-;1;-;1
510515 Juína;-;-;-;-;1;-;1
510525 Lucas do Rio Verde;-;-;1;-;-;-;1
510610 Nossa Senhora do Livramento;-;-;-;1;-;-;1
510620 Nova Brasilândia;-;-;-;-;1;-;1
510623 Nova Olímpia;-;-;1;-;-;-;1
510645 Planalto da Serra;-;-;-;1;-;-;1
510665 Pontal do Araguaia;-;-;-;1;-;-;1
510704 Primavera do Leste;-;-;-;1;-;-;1
510718 Ribeirão Cascalheira;-;-;-;1;-;-;1
510720 Rio Branco;-;-;1;-;-;-;1
510780 Santo Antônio do Leverger;-;-;5;3;2;-;10
510787 Sapezal;-;1;-;-;-;-;1
510840 Várzea Grande;9;10;20;7;1;-;47
510550 Vila Bela da Santíssima Trindade;-;-;-;1;-;-;1
520005 Abadia de Goiás;1;3;2;1;2;-;9
520025 Águas Lindas de Goiás;12;4;16;1;2;-;35
520030 Alexânia;-;-;2;-;-;-;2
520085 Americano do Brasil;-;-;1;-;-;-;1
520130 Anicuns;-;-;-;-;1;-;1
520140 Aparecida de Goiânia;8;14;31;15;4;-;72
520160 Araçu;-;-;1;-;-;-;1
520180 Aragoiânia;-;1;-;-;-;-;1
520260 Aurilândia;-;-;1;1;-;-;2
520280 Avelinópolis;-;-;1;-;-;-;1
520310 Baliza;-;-;1;1;-;-;2
520330 Bela Vista de Goiás;2;-;-;-;1;-;3
520355 Bonfinópolis;-;1;-;-;-;-;1
520390 Buriti Alegre;-;-;1;-;-;-;1
520400 Cabeceiras;-;1;-;-;1;-;2
520410 Cachoeira Alta;-;-;1;-;-;-;1
520440 Caiapônia;-;-;-;-;1;-;1
520490 Campos Belos;-;1;1;-;-;-;2
520510 Catalão;-;-;-;2;-;-;2
520520 Caturaí;1;-;1;1;-;-;3
520549 Cidade Ocidental;2;2;4;1;-;-;9
520551 Cocalzinho de Goiás;3;-;1;2;-;-;6
520570 Córrego do Ouro;-;-;1;-;-;-;1
520580 Corumbá de Goiás;-;-;1;-;-;-;1
520620 Cristalina;-;-;3;1;-;-;4
520650 Cromínia;-;-;-;-;1;-;1
520735 Edealina;-;-;1;-;-;-;1
520740 Edéia;1;-;1;1;-;-;3
520790 Flores de Goiás;-;1;1;1;1;-;4
520800 Formosa;-;1;4;1;1;-;7
520860 Goianésia;-;-;1;-;-;-;1
520870 Goiânia;143;162;335;163;58;-;861
520880 Goianira;-;-;2;1;-;-;3
520890 Goiás;12;9;18;13;2;-;54
520910 Goiatuba;-;-;1;-;-;-;1
520920 Guapó;-;4;2;-;1;-;7
520929 Guaraíta;-;-;-;1;-;-;1
520960 Heitoraí;-;-;1;-;-;-;1
520970 Hidrolândia;1;1;-;-;-;-;2
521000 Inhumas;-;-;3;-;-;-;3
521020 Iporá;-;-;-;1;-;-;1
521040 Itaberaí;-;1;2;1;1;-;5
521060 Itaguaru;-;-;-;-;1;-;1
521100 Itapirapuã;-;1;-;-;-;-;1
521140 Itauçu;-;-;-;1;-;-;1
521170 Jandaia;1;-;-;-;-;-;1
521190 Jataí;-;-;3;-;-;-;3
521250 Luziânia;5;3;5;3;-;-;16
521308 Minaçu;-;-;-;1;-;-;1
521370 Montes Claros de Goiás;-;-;1;-;-;-;1
521380 Morrinhos;-;-;2;1;1;-;4
521400 Mozarlândia;-;-;1;-;-;-;1
521450 Nerópolis;-;-;-;1;-;-;1
521460 Niquelândia;-;-;1;-;-;-;1
521483 Nova Crixás;-;-;1;-;-;-;1
521500 Nova Veneza;-;-;2;1;1;-;4
521523 Novo Gama;-;-;6;1;-;-;7
521560 Padre Bernardo;1;-;2;-;-;-;3
521565 Palestina de Goiás;-;-;2;-;-;-;2
521590 Palminópolis;-;-;1;-;-;-;1
521720 Piranhas;1;-;-;-;-;-;1
521740 Pires do Rio;-;1;-;1;1;-;3
521760 Planaltina;1;-;2;2;-;-;5
521770 Pontalina;-;-;1;1;-;-;2
521800 Porangatu;-;-;-;1;-;-;1
521900 Sanclerlândia;-;-;-;1;-;-;1
521910 Santa Bárbara de Goiás;-;-;2;-;-;-;2
521973 Santo Antônio de Goiás;1;1;-;-;1;-;3
521975 Santo Antônio do Descoberto;2;-;1;-;2;-;5
522000 São João d'Aliança;-;-;1;-;-;-;1
522010 São Luís de Montes Belos;-;-;1;1;-;-;2
522045 Senador Canedo;3;-;1;3;2;-;9
522140 Trindade;2;3;6;1;1;-;13
522150 Turvânia;1;-;-;-;-;-;1
522160 Uruaçu;1;-;-;-;-;-;1
522180 Urutaí;-;1;-;-;-;-;1
522185 Valparaíso de Goiás;3;-;2;2;1;-;8
522190 Varjão;-;-;2;2;-;-;4
522205 Vicentinópolis;1;-;-;-;-;-;1
522220 Vila Boa;-;-;1;-;-;-;1
530010 Brasília;284;258;692;283;104;5;1626
000000 Ignorado ou exterior;32;48;125;65;24;3;297
Total;9452;11224;23748;11027;4851;157;60459
