Nome;Codigo;ARTICULACOES;AVC;CONDICOESNAUROLOGICAS;DOENCASCRONICAS;ORTOPEDICAS
PORTO VELHO;110020;1.0;382.0;7.0;17.0;1.0
MANAUS;130260;2.0;1377.0;89.0;15.0;
ANANINDEUA;150080;1.0;213.0;;1.0;
MARABA;150420;21.0;79.0;;9.0;
MARITUBA;150442;1.0;30.0;;1.0;
SANTAREM;150680;1.0;149.0;1.0;7.0;
MACAPA;160030;2.0;318.0;2.0;2.0;
MIRACEMA DO TOCANTINS;171320;1.0;23.0;;;
CAXIAS;210300;1.0;236.0;;4.0;
SAO LUIS;211130;9.0;1023.0;43.0;25.0;3.0
CAMPO MAIOR;220220;1.0;61.0;;;
TERESINA;221100;2.0;1130.0;10.0;12.0;284.0
FORTALEZA;230440;6.0;3471.0;84.0;62.0;7.0
NATAL;240810;1.0;1226.0;32.0;12.0;
CAMPINA GRANDE;250400;1.0;1142.0;3.0;4.0;
JOAO PESSOA;250750;1.0;1160.0;5.0;40.0;
PATOS;251080;1.0;448.0;;;
PICUI;251140;1.0;28.0;;;
CABO DE SANTO AGOSTINHO;260290;1.0;80.0;;3.0;
CARUARU;260410;6.0;207.0;;5.0;
JABOATAO DOS GUARARAPES;260790;3.0;58.0;;2.0;
PAULISTA;261070;17.0;32.0;;20.0;5.0
PETROLINA;261110;2.0;327.0;3.0;1.0;2.0
RECIFE;261160;23.0;6378.0;48.0;65.0;148.0
VITORIA DE SANTO ANTAO;261640;3.0;182.0;;1.0;
MACEIO;270430;1.0;2062.0;21.0;8.0;1.0
ARACAJU;280030;10.0;600.0;7.0;21.0;
FEIRA DE SANTANA;291080;3.0;613.0;;4.0;
ILHEUS;291360;4.0;329.0;2.0;1.0;
PORTO SEGURO;292530;1.0;113.0;;;
SALVADOR;292740;4.0;2240.0;42.0;110.0;21.0
VITORIA DA CONQUISTA;293330;1.0;478.0;2.0;7.0;76.0
ALFENAS;310160;5.0;211.0;5.0;2.0;33.0
ANDRADAS;310260;1.0;38.0;1.0;;
BELO HORIZONTE;310620;56.0;2103.0;102.0;81.0;1108.0
BETIM;310670;1.0;209.0;3.0;9.0;
CONSELHEIRO LAFAIETE;311830;2.0;180.0;1.0;2.0;
CURVELO;312090;3.0;232.0;3.0;5.0;
DIAMANTINA;312160;1.0;339.0;3.0;2.0;
FRANCISCO SA;312670;1.0;23.0;;1.0;
GOVERNADOR VALADARES;312770;2.0;467.0;5.0;2.0;
GUAXUPE;312870;1.0;92.0;;2.0;
ITAGUARA;313220;1.0;14.0;;;
ITAJUBA;313240;2.0;303.0;2.0;1.0;
ITAOBIM;313330;16.0;57.0;;1.0;
ITAUNA;313380;1.0;87.0;3.0;;
ITUIUTABA;313420;1.0;131.0;;1.0;
JOAO MONLEVADE;313620;1.0;100.0;2.0;1.0;
JUIZ DE FORA;313670;7.0;769.0;30.0;28.0;27.0
LEOPOLDINA;313840;1.0;114.0;;1.0;
LIMA DUARTE;313860;1.0;42.0;;;
MANHUMIRIM;313950;1.0;124.0;;1.0;
MONTE CARMELO;314310;2.0;30.0;;;
MONTES CLAROS;314330;3.0;687.0;7.0;12.0;155.0
MURIAE;314390;1.0;315.0;3.0;;
OURO PRETO;314610;3.0;90.0;;1.0;
PARA DE MINAS;314710;1.0;184.0;;4.0;
PASSOS;314790;3.0;270.0;9.0;1.0;5.0
PATOS DE MINAS;314800;2.0;287.0;4.0;3.0;
POCOS DE CALDAS;315180;3.0;165.0;5.0;1.0;
SAO LOURENCO;316370;1.0;80.0;1.0;1.0;
TAIOBEIRAS;316800;1.0;113.0;;1.0;
TEOFILO OTONI;316860;7.0;191.0;4.0;2.0;
TRES CORACOES;316930;1.0;114.0;3.0;;
TRES PONTAS;316940;1.0;82.0;;4.0;
UBA;316990;1.0;317.0;;5.0;
UBERABA;317010;11.0;346.0;7.0;4.0;6.0
UBERLANDIA;317020;11.0;516.0;12.0;4.0;82.0
SAO MATEUS;320490;1.0;168.0;;13.0;
SERRA;320500;2.0;469.0;2.0;3.0;84.0
VITORIA;320530;5.0;867.0;4.0;27.0;129.0
ANGRA DOS REIS;330010;1.0;101.0;;4.0;
APERIBE;330015;1.0;32.0;;2.0;
ARARUAMA;330020;2.0;131.0;2.0;;
BARRA MANSA;330040;1.0;267.0;4.0;;
DUQUE DE CAXIAS;330170;1.0;458.0;;2.0;
MIGUEL PEREIRA;330290;13.0;156.0;1.0;;
NOVA FRIBURGO;330340;1.0;268.0;9.0;;
NOVA IGUACU;330350;2.0;377.0;;;
PETROPOLIS;330390;1.0;369.0;;;140.0
RIO DE JANEIRO;330455;30.0;3572.0;129.0;124.0;49.0
SAO GONCALO;330490;1.0;1299.0;2.0;2.0;
TERESOPOLIS;330580;4.0;176.0;12.0;7.0;3.0
TRES RIOS;330600;1.0;152.0;;;3.0
VASSOURAS;330620;1.0;74.0;1.0;;
VOLTA REDONDA;330630;1.0;388.0;6.0;9.0;
AMERICANA;350160;2.0;153.0;1.0;1.0;
ARACATUBA;350280;2.0;359.0;15.0;1.0;131.0
BARRETOS;350550;1.0;282.0;8.0;5.0;22.0
BARUERI;350570;1.0;363.0;5.0;17.0;
BATATAIS;350590;1.0;111.0;8.0;;
BAURU;350600;5.0;478.0;1.0;9.0;150.0
BIRIGUI;350650;1.0;176.0;;;
BRAGANCA PAULISTA;350760;1.0;153.0;;2.0;19.0
CACAPAVA;350850;1.0;46.0;;;
CAMPINAS;350950;15.0;716.0;19.0;35.0;113.0
CATANDUVA;351110;1.0;467.0;10.0;1.0;2.0
CRUZEIRO;351340;1.0;144.0;;;
DOIS CORREGOS;351410;1.0;17.0;;;
FRANCA;351620;3.0;465.0;;9.0;75.0
GUAIRA;351740;1.0;4.0;;6.0;
GUARATINGUETA;351840;1.0;249.0;1.0;;
GUARULHOS;351880;4.0;1091.0;1.0;12.0;31.0
ITAPECERICA DA SERRA;352220;3.0;244.0;;7.0;
JACAREI;352440;1.0;346.0;2.0;4.0;
JAU;352530;1.0;269.0;;4.0;12.0
JUNDIAI;352590;4.0;481.0;4.0;25.0;123.0
LIMEIRA;352690;5.0;138.0;;3.0;72.0
MARILIA;352900;3.0;347.0;16.0;8.0;38.0
MATAO;352930;2.0;103.0;;3.0;
MOGI DAS CRUZES;353060;7.0;497.0;10.0;8.0;
OSASCO;353440;6.0;661.0;6.0;6.0;
PAULINIA;353650;1.0;70.0;;;
PIRACICABA;353870;6.0;222.0;3.0;27.0;77.0
PITANGUEIRAS;353950;1.0;9.0;;;
PRESIDENTE PRUDENTE;354140;8.0;418.0;11.0;2.0;
RIBEIRAO PRETO;354340;12.0;881.0;93.0;11.0;144.0
RIO CLARO;354390;2.0;141.0;;1.0;5.0
SANTA CRUZ DO RIO PARDO;354640;1.0;59.0;;;
SANTO ANDRE;354780;7.0;422.0;4.0;21.0;1.0
SANTOS;354850;1.0;565.0;7.0;1.0;30.0
SAO BERNARDO DO CAMPO;354870;2.0;632.0;21.0;6.0;9.0
SAO CAETANO DO SUL;354880;1.0;187.0;3.0;3.0;8.0
SAO CARLOS;354890;2.0;211.0;7.0;;
SAO JOAO DA BOA VISTA;354910;2.0;205.0;1.0;4.0;1.0
SAO JOSE DO RIO PARDO;354970;1.0;166.0;;;
SAO JOSE DO RIO PRETO;354980;16.0;817.0;29.0;31.0;113.0
SAO JOSE DOS CAMPOS;354990;2.0;424.0;4.0;12.0;19.0
SAO PAULO;355030;59.0;8246.0;213.0;134.0;503.0
SOROCABA;355220;3.0;651.0;5.0;18.0;553.0
SUMARE;355240;3.0;269.0;;9.0;48.0
TABOAO DA SERRA;355280;1.0;182.0;1.0;12.0;
TAUBATE;355410;1.0;41.0;7.0;4.0;123.0
TUPA;355500;1.0;188.0;;;
APUCARANA;410140;1.0;398.0;5.0;7.0;3.0
CAMPINA GRANDE DO SUL;410400;8.0;306.0;27.0;2.0;10.0
CAMPO LARGO;410420;1.0;590.0;1.0;4.0;99.0
CAMPO MOURAO;410430;2.0;130.0;;2.0;8.0
CASCAVEL;410480;2.0;203.0;3.0;2.0;
CURITIBA;410690;9.0;731.0;77.0;68.0;1272.0
FOZ DO IGUACU;410830;2.0;127.0;3.0;3.0;
FRANCISCO BELTRAO;410840;4.0;227.0;;10.0;43.0
LONDRINA;411370;17.0;645.0;30.0;13.0;102.0
MANDAGUARI;411420;3.0;16.0;;;
MEDIANEIRA;411580;1.0;41.0;;5.0;14.0
PALMAS;411760;1.0;111.0;;;
PATO BRANCO;411850;2.0;151.0;5.0;2.0;
PONTA GROSSA;411990;7.0;491.0;6.0;6.0;56.0
PRUDENTOPOLIS;412060;2.0;84.0;1.0;;
TOLEDO;412770;2.0;208.0;1.0;8.0;
ARARANGUA;420140;1.0;164.0;1.0;2.0;2.0
BLUMENAU;420240;4.0;281.0;19.0;16.0;213.0
CANOINHAS;420380;1.0;58.0;;;
CHAPECO;420420;1.0;275.0;11.0;3.0;171.0
CONCORDIA;420430;4.0;156.0;5.0;2.0;63.0
CRICIUMA;420460;1.0;325.0;3.0;2.0;66.0
FLORIANOPOLIS;420540;5.0;509.0;44.0;18.0;215.0
ICARA;420700;1.0;24.0;;6.0;37.0
ITAJAI;420820;2.0;391.0;2.0;5.0;211.0
JARAGUA DO SUL;420890;2.0;177.0;4.0;9.0;6.0
JOINVILLE;420910;7.0;837.0;20.0;8.0;223.0
LAGES;420930;1.0;331.0;12.0;;
PORTO UNIAO;421360;1.0;51.0;1.0;1.0;2.0
SANTO AMARO DA IMPERATRIZ;421570;4.0;1.0;;1.0;84.0
SAO JOSE;421660;5.0;297.0;3.0;1.0;73.0
VIDEIRA;421930;1.0;52.0;;1.0;
ALEGRETE;430040;1.0;196.0;;2.0;
CANOAS;430460;5.0;832.0;;12.0;354.0
CAXIAS DO SUL;430510;13.0;190.0;2.0;14.0;5.0
ERECHIM;430700;1.0;204.0;18.0;4.0;
GRAVATAI;430920;4.0;195.0;1.0;7.0;
IGREJINHA;431010;1.0;36.0;;;
LAJEADO;431140;1.0;89.0;4.0;2.0;13.0
MARAU;431180;1.0;23.0;;;
NOVO HAMBURGO;431340;1.0;272.0;2.0;;
PASSO FUNDO;431410;3.0;625.0;99.0;9.0;435.0
PELOTAS;431440;2.0;494.0;6.0;2.0;
PORTO ALEGRE;431490;28.0;2670.0;71.0;44.0;139.0
RIO GRANDE;431560;2.0;335.0;11.0;4.0;
RONDA ALTA;431610;1.0;20.0;;3.0;
SANTA CRUZ DO SUL;431680;3.0;159.0;2.0;7.0;45.0
SANTA MARIA;431690;3.0;184.0;;12.0;1.0
SANTO ANGELO;431750;2.0;139.0;;;3.0
SAO BORJA;431800;1.0;165.0;1.0;2.0;
SAO LEOPOLDO;431870;1.0;456.0;4.0;2.0;
TRES DE MAIO;432180;1.0;27.0;;1.0;
URUGUAIANA;432240;10.0;256.0;8.0;;3.0
AQUIDAUANA;500110;2.0;50.0;;1.0;
CAMPO GRANDE;500270;2.0;812.0;2.0;23.0;17.0
DOURADOS;500370;1.0;232.0;6.0;6.0;
CACERES;510250;1.0;123.0;1.0;2.0;
CUIABA;510340;2.0;553.0;2.0;11.0;6.0
RONDONOPOLIS;510760;1.0;288.0;3.0;7.0;
SINOP;510790;2.0;30.0;;;
ANAPOLIS;520110;2.0;543.0;2.0;2.0;66.0
GOIANIA;520870;5.0;1755.0;64.0;119.0;546.0
SENADOR CANEDO;522045;1.0;112.0;;;4.0
URUACU;522160;3.0;59.0;;5.0;
BRASILIA;530010;9.0;1111.0;51.0;71.0;17.0
ALTA FLORESTA D'OESTE;110001;;16.0;;;
ARIQUEMES;110002;;21.0;;;
CABIXI;110003;;2.0;;;
CACOAL;110004;;82.0;;3.0;3.0
CEREJEIRAS;110005;;13.0;;;
COLORADO DO OESTE;110006;;4.0;;;
COSTA MARQUES;110008;;6.0;;;
ESPIGAO D'OESTE;110009;;13.0;;;
GUAJARA-MIRIM;110010;;10.0;;;
JARU;110011;;4.0;1.0;;
JI-PARANA;110012;;210.0;3.0;;
MACHADINHO D'OESTE;110013;;9.0;;;
NOVA BRASILANDIA D'OESTE;110014;;17.0;;;
OURO PRETO DO OESTE;110015;;19.0;;;
PIMENTA BUENO;110018;;31.0;;;
PRESIDENTE MEDICI;110025;;4.0;;;
ROLIM DE MOURA;110028;;77.0;;;
VILHENA;110030;;140.0;3.0;2.0;
SAO MIGUEL DO GUAPORE;110032;;12.0;;;
NOVA MAMORE;110033;;6.0;;;
ALVORADA D'OESTE;110034;;11.0;;;
ALTO PARAISO;110040;;2.0;;;
NOVO HORIZONTE DO OESTE;110050;;8.0;;;
CAMPO NOVO DE RONDONIA;110070;;8.0;;;
MINISTRO ANDREAZZA;110120;;6.0;;;
MONTE NEGRO;110140;;11.0;;;
SAO FRANCISCO DO GUAPORE;110149;;12.0;;;
SERINGUEIRAS;110150;;1.0;;;
THEOBROMA;110160;;3.0;;;
BRASILEIA;120010;;27.0;;;
CRUZEIRO DO SUL;120020;;77.0;;2.0;
FEIJO;120030;;4.0;;;
PLACIDO DE CASTRO;120038;;1.0;;;
PORTO WALTER;120039;;1.0;;;
RIO BRANCO;120040;;322.0;10.0;18.0;1.0
SANTA ROSA DO PURUS;120043;;1.0;;;
SENA MADUREIRA;120050;;15.0;;;
TARAUACA;120060;;10.0;;;
XAPURI;120070;;3.0;1.0;;
ANAMA;130008;;2.0;;;
ANORI;130010;;2.0;;;
APUI;130014;;1.0;;;
AUTAZES;130030;;4.0;;;
BARCELOS;130040;;5.0;;;
BARREIRINHA;130050;;6.0;;;
BENJAMIN CONSTANT;130060;;1.0;;;
BOA VISTA DO RAMOS;130068;;1.0;;;
BOCA DO ACRE;130070;;9.0;;;
BORBA;130080;;8.0;;;
CARAUARI;130100;;2.0;;;
CAREIRO;130110;;1.0;;;
COARI;130120;;11.0;;1.0;
CODAJAS;130130;;5.0;;;
EIRUNEPE;130140;;3.0;;;
FONTE BOA;130160;;3.0;;;
HUMAITA;130170;;17.0;;;
IPIXUNA;130180;;3.0;;;
ITACOATIARA;130190;;39.0;;;
ITAMARATI;130195;;1.0;;;
ITAPIRANGA;130200;;5.0;;;
JURUA;130220;;3.0;;;
LABREA;130240;;5.0;;;
MANACAPURU;130250;;2.0;;1.0;
MANICORE;130270;;10.0;;;
MARAA;130280;;4.0;;;
MAUES;130290;;21.0;;;
NHAMUNDA;130300;;4.0;;;
NOVO ARIPUANA;130330;;3.0;;;
PARINTINS;130340;;24.0;;;
PRESIDENTE FIGUEIREDO;130353;;1.0;;;
SANTA ISABEL DO RIO NEGRO;130360;;1.0;;;
SANTO ANTONIO DO ICA;130370;;1.0;;1.0;
SAO GABRIEL DA CACHOEIRA;130380;;3.0;;;
SAO PAULO DE OLIVENCA;130390;;4.0;;;
SAO SEBASTIAO DO UATUMA;130395;;4.0;;;
TABATINGA;130406;;11.0;;;
TAPAUA;130410;;2.0;;;
TEFE;130420;;26.0;;;
URUCARA;130430;;2.0;;;
URUCURITUBA;130440;;1.0;;;
BOA VISTA;140010;;220.0;3.0;10.0;
CAROEBE;140023;;3.0;;;
RORAINOPOLIS;140047;;4.0;;2.0;
SAO JOAO DA BALIZA;140050;;6.0;;;
ABAETETUBA;150010;;127.0;;;
ABEL FIGUEIREDO;150013;;4.0;;;
ACARA;150020;;29.0;;;
AFUA;150030;;3.0;;;
AGUA AZUL DO NORTE;150034;;11.0;;;
ALENQUER;150040;;61.0;;;
ALMEIRIM;150050;;7.0;;;
ALTAMIRA;150060;;269.0;4.0;3.0;
ANAJAS;150070;;2.0;;;
ANAPU;150085;;2.0;;;
AUGUSTO CORREA;150090;;13.0;;;
AURORA DO PARA;150095;;10.0;;;
BAIAO;150120;;12.0;;;
BARCARENA;150130;;11.0;;2.0;
BELEM;150140;;1443.0;11.0;6.0;
BELTERRA;150145;;10.0;;;
BOM JESUS DO TOCANTINS;150157;;7.0;;;
BRAGANCA;150170;;153.0;;;
BRASIL NOVO;150172;;41.0;;;
BREJO GRANDE DO ARAGUAIA;150175;;1.0;;;
BREVES;150180;;85.0;1.0;1.0;
BUJARU;150190;;38.0;;;
CACHOEIRA DO ARARI;150200;;10.0;;;
CAMETA;150210;;145.0;;;
CANAA DOS CARAJAS;150215;;26.0;;;
CAPANEMA;150220;;108.0;;3.0;
CAPITAO POCO;150230;;54.0;;;
CASTANHAL;150240;;55.0;;2.0;
CONCEICAO DO ARAGUAIA;150270;;144.0;;;
CONCORDIA DO PARA;150275;;3.0;;;
CUMARU DO NORTE;150276;;1.0;;;
CURIONOPOLIS;150277;;37.0;;;
CURRALINHO;150280;;8.0;;;
CURUCA;150290;;29.0;;;
DOM ELISEU;150293;;63.0;;;
ELDORADO DOS CARAJAS;150295;;40.0;;;
FARO;150300;;1.0;;;
FLORESTA DO ARAGUAIA;150304;;13.0;;;
GOIANESIA DO PARA;150309;;5.0;;;
GURUPA;150310;;1.0;;;
IGARAPE-ACU;150320;;5.0;;;
IGARAPE-MIRI;150330;;24.0;;;
IPIXUNA DO PARA;150345;;41.0;;;
IRITUIA;150350;;23.0;;;
ITAITUBA;150360;;133.0;;2.0;
ITUPIRANGA;150370;;7.0;;;
JACAREACANGA;150375;;10.0;;;
JACUNDA;150380;;34.0;;14.0;
JURUTI;150390;;2.0;;;
LIMOEIRO DO AJURU;150400;;1.0;;;
MAE DO RIO;150405;;34.0;;;
MARACANA;150430;;4.0;;;
MEDICILANDIA;150445;;22.0;;;
MELGACO;150450;;2.0;;;
MOCAJUBA;150460;;19.0;;;
MOJU;150470;;17.0;;;
MONTE ALEGRE;150480;;27.0;;;
MUANA;150490;;13.0;;;
NOVO PROGRESSO;150503;;21.0;1.0;;
NOVO REPARTIMENTO;150506;;13.0;;;
OBIDOS;150510;;7.0;;;
OEIRAS DO PARA;150520;;1.0;;;
ORIXIMINA;150530;;36.0;;;
OUREM;150540;;5.0;;;
OURILANDIA DO NORTE;150543;;9.0;;;
PACAJA;150548;;15.0;;;
PALESTINA DO PARA;150549;;2.0;;;
PARAGOMINAS;150550;;31.0;;2.0;
PARAUAPEBAS;150553;;35.0;2.0;3.0;
PAU D'ARCO;150555;;2.0;;;
PICARRA;150563;;5.0;;;
PLACAS;150565;;17.0;;;
PONTA DE PEDRAS;150570;;2.0;;;
PORTEL;150580;;14.0;1.0;;
PORTO DE MOZ;150590;;18.0;;;
PRAINHA;150600;;10.0;;;
REDENCAO;150613;;139.0;;1.0;
RIO MARIA;150616;;23.0;;;
RONDON DO PARA;150618;;30.0;;;
RUROPOLIS;150619;;47.0;;;
SALINOPOLIS;150620;;15.0;;;
SALVATERRA;150630;;4.0;;;
SANTA IZABEL DO PARA;150650;;66.0;;;
SANTA MARIA DAS BARREIRAS;150658;;4.0;;;
SANTA MARIA DO PARA;150660;;29.0;;;
SANTANA DO ARAGUAIA;150670;;30.0;;;
SANTO ANTONIO DO TAUA;150700;;65.0;;;
SAO DOMINGOS DO ARAGUAIA;150715;;23.0;;;
SAO DOMINGOS DO CAPIM;150720;;6.0;;;
SAO FELIX DO XINGU;150730;;29.0;;;
SAO GERALDO DO ARAGUAIA;150745;;18.0;;;
SAO JOAO DE PIRABAS;150747;;5.0;;;
SAO JOAO DO ARAGUAIA;150750;;2.0;;;
SAO MIGUEL DO GUAMA;150760;;17.0;;;
SAO SEBASTIAO DA BOA VISTA;150770;;9.0;;;
SAPUCAIA;150775;;2.0;;;
SENADOR JOSE PORFIRIO;150780;;2.0;;;
SOURE;150790;;51.0;;;
TAILANDIA;150795;;17.0;;1.0;
TERRA SANTA;150797;;8.0;;;
TOME-ACU;150800;;16.0;;;
TRACUATEUA;150803;;6.0;;;
TRAIRAO;150805;;6.0;;;
TUCUMA;150808;;18.0;;;
TUCURUI;150810;;131.0;;1.0;
ULIANOPOLIS;150812;;13.0;;;
URUARA;150815;;27.0;;;
VIGIA;150820;;23.0;;;
VISEU;150830;;4.0;;;
VITORIA DO XINGU;150835;;3.0;;;
XINGUARA;150840;;3.0;;;
CALCOENE;160020;;6.0;;;
LARANJAL DO JARI;160027;;20.0;;;
PORTO GRANDE;160053;;2.0;;;
SANTANA;160060;;23.0;;;
ANANAS;170100;;3.0;1.0;;
ARAGUACEMA;170190;;7.0;;;
ARAGUACU;170200;;7.0;;;
ARAGUAINA;170210;;442.0;4.0;;
ARAPOEMA;170230;;18.0;;;
AUGUSTINOPOLIS;170255;;166.0;;;
COLINAS DO TOCANTINS;170550;;33.0;;;
CRISTALANDIA;170610;;6.0;;;
DIANOPOLIS;170700;;40.0;;;
DUERE;170730;;3.0;;;
FORMOSO DO ARAGUAIA;170820;;1.0;;;
GOIATINS;170900;;16.0;;;
GUARAI;170930;;26.0;;;
GURUPI;170950;;139.0;;;
ITACAJA;171050;;3.0;;;
MIRANORTE;171330;;10.0;;;
MONTE DO CARMO;171360;;2.0;;;
NAZARE;171430;;1.0;;;
PALMEIROPOLIS;171575;;1.0;;;
PARAISO DO TOCANTINS;171610;;23.0;;;
PARANA;171620;;2.0;;;
PEDRO AFONSO;171650;;41.0;;;
PEIXE;171660;;1.0;;;
PIUM;171750;;7.0;;;
PORTO NACIONAL;171820;;70.0;2.0;;
SILVANOPOLIS;172065;;2.0;;;
TAGUATINGA;172090;;28.0;;;
PALMAS;172100;;257.0;2.0;;
TOCANTINOPOLIS;172120;;42.0;;;
XAMBIOA;172210;;3.0;1.0;;
ACAILANDIA;210005;;54.0;2.0;1.0;
ALCANTARA;210020;;1.0;;;
ALDEIAS ALTAS;210030;;27.0;;;
ALTO ALEGRE DO PINDARE;210047;;9.0;;;
ALTO PARNAIBA;210050;;12.0;;;
AMARANTE DO MARANHAO;210060;;35.0;;;
ANAJATUBA;210070;;15.0;;;
ANAPURUS;210080;;19.0;;;
ARAIOSES;210090;;1.0;;;
ARAME;210095;;2.0;;;
AXIXA;210110;;19.0;;;
BACABAL;210120;;83.0;;;
BALSAS;210140;;276.0;;;
BARAO DE GRAJAU;210150;;3.0;;;
BARRA DO CORDA;210160;;128.0;;;
BARREIRINHAS;210170;;64.0;;;
BENEDITO LEITE;210180;;4.0;;;
BEQUIMAO;210190;;3.0;;;
BOM JARDIM;210200;;19.0;;;
BOM JESUS DAS SELVAS;210203;;6.0;;;
BREJO;210210;;11.0;;;
BURITI;210220;;48.0;;;
BURITI BRAVO;210230;;24.0;;;
BURITICUPU;210232;;46.0;;;
CAJAPIO;210240;;1.0;;;
CAJARI;210250;;1.0;;;
CANTANHEDE;210270;;28.0;;;
CAPINZAL DO NORTE;210275;;11.0;;;
CAROLINA;210280;;11.0;;;
CARUTAPERA;210290;;5.0;;;
CEDRAL;210310;;30.0;;;
CENTRAL DO MARANHAO;210312;;5.0;;;
CHAPADINHA;210320;;79.0;;4.0;
CODO;210330;;151.0;;;
COELHO NETO;210340;;42.0;;;
COLINAS;210350;;34.0;;;
COROATA;210360;;27.0;;;
CURURUPU;210370;;79.0;;;
DOM PEDRO;210380;;5.0;;;
DUQUE BACELAR;210390;;13.0;;;
ESPERANTINOPOLIS;210400;;30.0;;;
ESTREITO;210405;;31.0;;;
FEIRA NOVA DO MARANHAO;210407;;7.0;;;
FORMOSA DA SERRA NEGRA;210409;;22.0;;;
FORTALEZA DOS NOGUEIRAS;210410;;13.0;;;
FORTUNA;210420;;11.0;;;
GONCALVES DIAS;210440;;4.0;;;
GOVERNADOR ARCHER;210450;;3.0;;;
GOVERNADOR EUGENIO BARROS;210460;;13.0;;;
GOVERNADOR LUIZ ROCHA;210462;;22.0;;;
GOVERNADOR NUNES FREIRE;210467;;72.0;;;
GRACA ARANHA;210470;;4.0;;;
GRAJAU;210480;;105.0;;;
GUIMARAES;210490;;5.0;;;
HUMBERTO DE CAMPOS;210500;;1.0;;;
ICATU;210510;;2.0;;;
IGARAPE GRANDE;210520;;6.0;;;
IMPERATRIZ;210530;;448.0;1.0;3.0;
ITAIPAVA DO GRAJAU;210535;;1.0;;;
ITAPECURU MIRIM;210540;;21.0;;;
ITINGA DO MARANHAO;210542;;36.0;;;
JOAO LISBOA;210550;;2.0;;;
JOSELANDIA;210560;;1.0;;;
LAGO DA PEDRA;210570;;40.0;;;
LIMA CAMPOS;210600;;32.0;;;
LORETO;210610;;21.0;;;
MAGALHAES DE ALMEIDA;210630;;4.0;;;
MATA ROMA;210640;;12.0;;;
MATINHA;210650;;3.0;;;
MILAGRES DO MARANHAO;210667;;1.0;;;
MIRADOR;210670;;17.0;;;
MIRANDA DO NORTE;210675;;3.0;;;
MIRINZAL;210680;;13.0;;;
MONCAO;210690;;3.0;;;
MORROS;210710;;4.0;;;
NINA RODRIGUES;210720;;16.0;;;
NOVA COLINAS;210725;;4.0;;;
NOVA OLINDA DO MARANHAO;210735;;4.0;;;
OLHO D'AGUA DAS CUNHAS;210740;;44.0;;;
OLINDA NOVA DO MARANHAO;210745;;2.0;;;
PACO DO LUMIAR;210750;;13.0;;;
PALMEIRANDIA;210760;;9.0;;;
PARNARAMA;210780;;18.0;;;
PASSAGEM FRANCA;210790;;37.0;;;
PAULINO NEVES;210805;;3.0;;;
PAULO RAMOS;210810;;17.0;;;
PEDREIRAS;210820;;114.0;;;
PEDRO DO ROSARIO;210825;;16.0;;;
PENALVA;210830;;6.0;;;
PERI MIRIM;210840;;5.0;;;
PINDARE-MIRIM;210850;;7.0;;;
PINHEIRO;210860;;69.0;;1.0;
PIO XII;210870;;63.0;;;
PIRAPEMAS;210880;;1.0;;;
POCAO DE PEDRAS;210890;;17.0;;;
PORTO FRANCO;210900;;37.0;;;
PRESIDENTE DUTRA;210910;;79.0;;1.0;
PRESIDENTE VARGAS;210930;;4.0;;;
RIACHAO;210950;;25.0;;;
SAMBAIBA;210970;;1.0;;;
SANTA HELENA;210980;;28.0;;;
SANTA INES;210990;;173.0;;;
SANTA LUZIA;211000;;25.0;;;
SANTA LUZIA DO PARUA;211003;;72.0;;;
SANTA QUITERIA DO MARANHAO;211010;;13.0;;;
SANTA RITA;211020;;7.0;;;
SANTO AMARO DO MARANHAO;211027;;19.0;;;
SANTO ANTONIO DOS LOPES;211030;;21.0;;;
SAO BENEDITO DO RIO PRETO;211040;;25.0;;;
SAO BENTO;211050;;33.0;;;
SAO BERNARDO;211060;;25.0;;;
SAO DOMINGOS DO AZEITAO;211065;;1.0;;;
SAO DOMINGOS DO MARANHAO;211070;;24.0;;;
SAO FELIX DE BALSAS;211080;;1.0;;;
SAO FRANCISCO DO BREJAO;211085;;4.0;;;
SAO FRANCISCO DO MARANHAO;211090;;14.0;;;
SAO JOAO BATISTA;211100;;18.0;;;
SAO JOAO DOS PATOS;211110;;37.0;;;
SAO JOSE DE RIBAMAR;211120;;3.0;;;
SAO JOSE DOS BASILIOS;211125;;1.0;;;
SAO MATEUS DO MARANHAO;211150;;34.0;;;
SAO PEDRO DA AGUA BRANCA;211153;;5.0;;;
SAO RAIMUNDO DAS MANGABEIRAS;211160;;11.0;;;
SAO VICENTE FERRER;211170;;40.0;;;
SENADOR ALEXANDRE COSTA;211174;;5.0;;;
SITIO NOVO;211180;;7.0;;;
SUCUPIRA DO NORTE;211190;;11.0;;;
TASSO FRAGOSO;211200;;3.0;;;
TIMBIRAS;211210;;24.0;;;
TIMON;211220;;39.0;;;
TRIZIDELA DO VALE;211223;;26.0;;;
TUNTUM;211230;;30.0;;;
TURIACU;211240;;1.0;;;
TUTOIA;211250;;33.0;;;
URBANO SANTOS;211260;;14.0;;;
VARGEM GRANDE;211270;;39.0;;;
VILA NOVA DOS MARTIRIOS;211285;;2.0;;;
VITORINO FREIRE;211300;;32.0;;;
ZE DOCA;211400;;57.0;;;
AGRICOLANDIA;220010;;1.0;;;
AGUA BRANCA;220020;;19.0;;;
ALTO LONGA;220030;;6.0;;;
ALTOS;220040;;24.0;;;
AMARANTE;220050;;13.0;;;
AROAZES;220090;;2.0;;;
BARRAS;220120;;51.0;;2.0;
BARRO DURO;220140;;3.0;;;
BATALHA;220150;;41.0;;;
BENEDITINOS;220160;;1.0;;;
BOCAINA;220180;;3.0;;;
BOM JESUS;220190;;26.0;;;
BURITI DOS LOPES;220200;;26.0;;;
CANTO DO BURITI;220230;;88.0;;;
CASTELO DO PIAUI;220260;;27.0;;;
COCAL;220270;;27.0;;;
CORRENTE;220290;;32.0;;;
CRISTINO CASTRO;220310;;9.0;;;
CURIMATA;220320;;18.0;;;
DEMERVAL LOBAO;220330;;8.0;;;
ELESBAO VELOSO;220350;;15.0;;;
ESPERANTINA;220370;;119.0;;;
FARTURA DO PIAUI;220375;;4.0;;;
FLORIANO;220390;;130.0;;;
FRANCINOPOLIS;220400;;3.0;;;
FRANCISCO AYRES;220410;;1.0;;;
FRONTEIRAS;220430;;44.0;;;
GILBUES;220440;;9.0;;;
GUADALUPE;220450;;33.0;;;
INHUMA;220470;;8.0;;;
IPIRANGA DO PIAUI;220480;;3.0;;;
ITAINOPOLIS;220500;;1.0;;;
ITAUEIRA;220510;;11.0;;;
JAICOS;220520;;56.0;;;
JOAQUIM PIRES;220540;;4.0;;;
JOSE DE FREITAS;220550;;30.0;;;
LANDRI SALES;220560;;4.0;;;
LUIS CORREIA;220570;;16.0;;;
LUZILANDIA;220580;;68.0;;;
MANOEL EMIDIO;220590;;7.0;;;
MARCOS PARENTE;220600;;9.0;;;
MIGUEL ALVES;220620;;23.0;;;
MONSENHOR GIL;220640;;3.0;;;
MONSENHOR HIPOLITO;220650;;2.0;;;
NOVO ORIENTE DO PIAUI;220690;;4.0;;;
OEIRAS;220700;;73.0;;;
PADRE MARCOS;220720;;12.0;;;
PARNAGUA;220760;;16.0;;;
PARNAIBA;220770;;473.0;1.0;2.0;
PAULISTANA;220780;;49.0;;;
PEDRO II;220790;;23.0;;;
PICOS;220800;;178.0;;;
PIMENTEIRAS;220810;;15.0;;;
PIO IX;220820;;2.0;;;
PIRACURUCA;220830;;8.0;;;
PORTO;220850;;3.0;;;
REDENCAO DO GURGUEIA;220870;;1.0;;;
REGENERACAO;220880;;15.0;;;
RIO GRANDE DO PIAUI;220900;;1.0;;;
SANTA CRUZ DO PIAUI;220910;;4.0;;;
SAO FELIX DO PIAUI;220960;;1.0;;;
SAO FRANCISCO DO PIAUI;220970;;1.0;;;
SAO JOAO DO PIAUI;221000;;42.0;;;
SAO JULIAO;221030;;7.0;;;
SAO MIGUEL DO TAPUIO;221040;;9.0;;;
SAO PEDRO DO PIAUI;221050;;32.0;;;
SAO RAIMUNDO NONATO;221060;;137.0;;;
SIMOES;221070;;47.0;;;
SIMPLICIO MENDES;221080;;11.0;;;
UNIAO;221110;;69.0;;;
URUCUI;221120;;52.0;;;
VALENCA DO PIAUI;221130;;39.0;;;
ACARAU;230020;;25.0;;;
ACOPIARA;230030;;79.0;;;
ALTANEIRA;230060;;4.0;;;
AMONTADA;230075;;3.0;;;
ANTONINA DO NORTE;230080;;3.0;;;
AQUIRAZ;230100;;6.0;;;
ARACATI;230110;;31.0;;;
ARACOIABA;230120;;3.0;;1.0;
ARARIPE;230130;;12.0;;;
ARATUBA;230140;;3.0;;;
ARNEIROZ;230150;;5.0;;;
ASSARE;230160;;23.0;;;
AURORA;230170;;31.0;;;
BARBALHA;230190;;377.0;3.0;;5.0
BARREIRA;230195;;4.0;;;
BARRO;230200;;15.0;;;
BATURITE;230210;;9.0;;;
BEBERIBE;230220;;7.0;;;
BELA CRUZ;230230;;8.0;;;
BOA VIAGEM;230240;;86.0;;;
BREJO SANTO;230250;;126.0;;;
CAMOCIM;230260;;34.0;;1.0;
CAMPOS SALES;230270;;17.0;;;
CANINDE;230280;;119.0;;;
CAPISTRANO;230290;;3.0;;;
CARIRIACU;230320;;7.0;;;
CARIUS;230330;;4.0;;;
CARNAUBAL;230340;;3.0;;;
CASCAVEL;230350;;38.0;;;
CATUNDA;230365;;3.0;;;
CAUCAIA;230370;;98.0;;4.0;
CEDRO;230380;;29.0;;;
CHAVAL;230390;;5.0;;;
CHOROZINHO;230395;;3.0;;;
COREAU;230400;;2.0;;;
CRATEUS;230410;;134.0;;7.0;
CRATO;230420;;165.0;;2.0;
CROATA;230423;;4.0;;;
CRUZ;230425;;13.0;;;
DEPUTADO IRAPUAN PINHEIRO;230426;;7.0;;;
ERERE;230427;;2.0;;;
EUSEBIO;230428;;9.0;;;
FARIAS BRITO;230430;;14.0;;;
FORTIM;230445;;6.0;;;
FRECHEIRINHA;230450;;4.0;;;
GRANJA;230470;;22.0;;;
GROAIRAS;230490;;3.0;;;
GUAIUBA;230495;;1.0;;;
GUARACIABA DO NORTE;230500;;24.0;;;
HIDROLANDIA;230520;;3.0;;;
HORIZONTE;230523;;5.0;;;
IBIAPINA;230530;;39.0;;;
ICO;230540;;67.0;;;
IGUATU;230550;;166.0;;;
INDEPENDENCIA;230560;;5.0;;;
IPAUMIRIM;230570;;6.0;;;
IPU;230580;;20.0;;;
IPUEIRAS;230590;;46.0;;;
IRACEMA;230600;;10.0;;;
IRAUCUBA;230610;;3.0;;;
ITAPAGE;230630;;34.0;;;
ITAPIPOCA;230640;;189.0;;3.0;
ITAPIUNA;230650;;4.0;;;
ITAREMA;230655;;17.0;;;
JAGUARETAMA;230670;;4.0;;;
JAGUARIBARA;230680;;2.0;;;
JAGUARIBE;230690;;9.0;;;
JAGUARUANA;230700;;13.0;;;
JARDIM;230710;;31.0;;;
JATI;230720;;12.0;;;
JUAZEIRO DO NORTE;230730;;187.0;;2.0;
JUCAS;230740;;18.0;;;
LAVRAS DA MANGABEIRA;230750;;35.0;;;
LIMOEIRO DO NORTE;230760;;27.0;;;
MADALENA;230763;;3.0;;;
MARACANAU;230765;;59.0;;1.0;
MARANGUAPE;230770;;24.0;;1.0;
MARCO;230780;;5.0;;;
MARTINOPOLE;230790;;1.0;;;
MAURITI;230810;;41.0;;;
MERUOCA;230820;;1.0;;;
MILAGRES;230830;;16.0;1.0;;
MILHA;230835;;5.0;;;
MISSAO VELHA;230840;;17.0;;;
MOMBACA;230850;;2.0;;;
MONSENHOR TABOSA;230860;;14.0;;;
MORADA NOVA;230870;;1.0;;;
MORRINHOS;230890;;2.0;;;
MUCAMBO;230900;;22.0;;;
NOVA OLINDA;230920;;17.0;;;
NOVA RUSSAS;230930;;36.0;;;
NOVO ORIENTE;230940;;12.0;;;
OCARA;230945;;9.0;;;
OROS;230950;;42.0;;;
PACAJUS;230960;;5.0;;;
PACATUBA;230970;;4.0;;;
PACOTI;230980;;2.0;;;
PALHANO;231000;;4.0;;;
PARACURU;231020;;11.0;;;
PARAMBU;231030;;37.0;;;
PEDRA BRANCA;231050;;13.0;;;
PENTECOSTE;231070;;9.0;;;
PEREIRO;231080;;8.0;;;
PINDORETAMA;231085;;1.0;;;
PIQUET CARNEIRO;231090;;10.0;;;
PORANGA;231100;;7.0;;;
PORTEIRAS;231110;;4.0;;;
POTENGI;231120;;9.0;;;
QUIXADA;231130;;53.0;;;
QUIXELO;231135;;3.0;;;
QUIXERAMOBIM;231140;;54.0;;;
QUIXERE;231150;;11.0;;;
RERIUTABA;231170;;1.0;;;
RUSSAS;231180;;41.0;3.0;;
SABOEIRO;231190;;12.0;;;
SALITRE;231195;;17.0;;;
SANTANA DO ACARAU;231200;;7.0;;;
SANTANA DO CARIRI;231210;;4.0;;;
SANTA QUITERIA;231220;;35.0;;;
SAO BENEDITO;231230;;30.0;;;
SAO GONCALO DO AMARANTE;231240;;9.0;;;
SAO LUIS DO CURU;231260;;2.0;;;
SENADOR POMPEU;231270;;34.0;;;
SOBRAL;231290;;396.0;12.0;7.0;
SOLONOPOLE;231300;;1.0;;;
TABULEIRO DO NORTE;231310;;10.0;;;
TAMBORIL;231320;;20.0;;;
TAUA;231330;;58.0;;3.0;1.0
TIANGUA;231340;;44.0;;1.0;
TRAIRI;231350;;18.0;;;
TURURU;231355;;2.0;;;
UBAJARA;231360;;35.0;;;
UMARI;231370;;2.0;;;
VARJOTA;231395;;3.0;;;
VARZEA ALEGRE;231400;;17.0;;;
VICOSA DO CEARA;231410;;34.0;;;
ACARI;240010;;28.0;6.0;;
ACU;240020;;13.0;;;
AFONSO BEZERRA;240030;;4.0;;;
ALEXANDRIA;240050;;31.0;;;
ALMINO AFONSO;240060;;5.0;;;
ALTO DO RODRIGUES;240070;;2.0;;;
ANGICOS;240080;;8.0;;;
ANTONIO MARTINS;240090;;9.0;;;
APODI;240100;;26.0;;;
CAICO;240200;;136.0;;;
CANGUARETAMA;240220;;36.0;;;
CARAUBAS;240230;;23.0;;;
CARNAUBA DOS DANTAS;240240;;1.0;;;
CARNAUBAIS;240250;;2.0;;;
CEARA-MIRIM;240260;;12.0;;;
CERRO CORA;240270;;3.0;1.0;;
CRUZETA;240300;;6.0;;;
CURRAIS NOVOS;240310;;111.0;;;
DOUTOR SEVERIANO;240320;;1.0;;;
PARNAMIRIM;240325;;164.0;;;
ENCANTO;240330;;1.0;;;
EQUADOR;240340;;3.0;;;
FRUTUOSO GOMES;240400;;1.0;;;
GOVERNADOR DIX-SEPT ROSADO;240430;;1.0;;;
GUAMARE;240450;;1.0;;;
ITAU;240490;;3.0;;;
JACANA;240500;;2.0;;;
JANDUIS;240520;;5.0;;;
JARDIM DE PIRANHAS;240560;;5.0;;;
JUCURUTU;240610;;10.0;;;
LAJES;240670;;6.0;;;
LUCRECIA;240690;;1.0;;;
LUIS GOMES;240700;;2.0;;;
MACAIBA;240710;;12.0;;;
MACAU;240720;;20.0;;;
MARCELINO VIEIRA;240730;;5.0;;;
MARTINS;240740;;14.0;;;
MESSIAS TARGINO;240760;;2.0;;;
MONTE ALEGRE;240780;;5.0;;;
MOSSORO;240800;;390.0;3.0;8.0;3.0
NOVA CRUZ;240830;;3.0;;;
OLHO-D'AGUA DO BORGES;240840;;1.0;;;
PARELHAS;240890;;13.0;;;
PASSA E FICA;240910;;11.0;;;
PATU;240930;;2.0;;;
PAU DOS FERROS;240940;;80.0;;4.0;
PEDRO VELHO;240980;;3.0;;;
SERRA CAIADA;241030;;2.0;;;
RAFAEL GODEIRO;241060;;1.0;;;
SANTA CRUZ;241120;;16.0;;1.0;
SANTANA DO MATOS;241140;;17.0;;;
SANTANA DO SERIDO;241142;;1.0;;;
SANTO ANTONIO;241150;;48.0;;;
SAO GONCALO DO AMARANTE;241200;;3.0;;;
SAO JOSE DE MIPIBU;241220;;9.0;;;
SAO JOSE DO CAMPESTRE;241230;;8.0;;;
SAO MIGUEL;241250;;9.0;;;
SAO PAULO DO POTENGI;241260;;22.0;;;
SAO TOME;241290;;2.0;;;
SERRA DE SAO BENTO;241330;;3.0;;;
SERRA NEGRA DO NORTE;241340;;2.0;;;
SERRINHA DOS PINTOS;241355;;5.0;;;
SEVERIANO MELO;241360;;2.0;;;
TENENTE ANANIAS;241410;;1.0;;;
TOUROS;241440;;7.0;;;
UMARIZAL;241450;;10.0;;;
AGUA BRANCA;250010;;5.0;;;
ALAGOA GRANDE;250030;;46.0;;;
ALAGOA NOVA;250040;;3.0;;;
SAO JOAO DO RIO DO PEIXE;250070;;4.0;;;
ARARA;250090;;2.0;;;
AREIA;250110;;18.0;;;
BANANEIRAS;250150;;19.0;;;
BELEM;250190;;4.0;;;
BONITO DE SANTA FE;250240;;2.0;;;
BREJO DO CRUZ;250280;;7.0;;;
CAAPORA;250300;;3.0;;;
CABEDELO;250320;;5.0;;;
CAJAZEIRAS;250370;;134.0;;;
CATOLE DO ROCHA;250430;;33.0;;;
CONCEICAO;250440;;13.0;;;
COREMAS;250480;;2.0;;;
CUITE;250510;;6.0;;;
ESPERANCA;250600;;6.0;;;
GUARABIRA;250630;;97.0;;;
GURINHEM;250640;;1.0;;;
ITAPORANGA;250700;;6.0;;;
JACARAU;250730;;6.0;;;
JERICO;250740;;5.0;;;
JURU;250800;;1.0;;;
LASTRO;250840;;1.0;;;
MAMANGUAPE;250890;;24.0;;;
MONTEIRO;250970;;43.0;;;
PEDRA LAVRADA;251110;;1.0;;;
PEDRAS DE FOGO;251120;;8.0;;;
PIANCO;251130;;10.0;;;
PILAR;251150;;5.0;;;
POMBAL;251210;;3.0;;;
PRINCESA ISABEL;251230;;7.0;;;
RIO TINTO;251290;;12.0;;;
SANTA HELENA;251330;;4.0;;;
SANTA LUZIA;251340;;11.0;;;
SANTA RITA;251370;;58.0;;7.0;
SAO BENTO;251390;;14.0;;;
SAO JOAO DO CARIRI;251400;;15.0;;;
SAO JOSE DE CAIANA;251430;;1.0;;;
SAO JOSE DE PIRANHAS;251450;;6.0;;;
SAPE;251530;;45.0;;;
SERRA BRANCA;251550;;12.0;;;
SOLANEA;251600;;20.0;;;
SOUSA;251620;;47.0;;;
SUME;251630;;29.0;;;
TAVARES;251660;;4.0;;;
TEIXEIRA;251670;;1.0;;;
UIRAUNA;251690;;12.0;;;
AFOGADOS DA INGAZEIRA;260010;;60.0;;;
AFRANIO;260020;;4.0;;;
AGRESTINA;260030;;11.0;;;
AGUAS BELAS;260050;;11.0;;;
ALAGOINHA;260060;;7.0;;;
ALTINHO;260080;;17.0;;;
AMARAJI;260090;;3.0;;;
ANGELIM;260100;;7.0;;;
ARARIPINA;260110;;111.0;;;
ARCOVERDE;260120;;74.0;;2.0;
BARRA DE GUABIRABA;260130;;4.0;;;
BARREIROS;260140;;16.0;;;
BELEM DE MARIA;260150;;1.0;;;
BELEM DE SAO FRANCISCO;260160;;5.0;;;
BEZERROS;260190;;7.0;;;
BODOCO;260200;;7.0;;;
BOM CONSELHO;260210;;18.0;;;
BOM JARDIM;260220;;22.0;;;
BONITO;260230;;23.0;;;
BREJO DA MADRE DE DEUS;260260;;12.0;;;
BUIQUE;260280;;53.0;;;
CABROBO;260300;;6.0;;;
CACHOEIRINHA;260310;;8.0;;;
CAETES;260320;;7.0;;;
CAMOCIM DE SAO FELIX;260350;;3.0;;;
CAMUTANGA;260360;;1.0;;;
CANHOTINHO;260370;;9.0;;;
CARNAIBA;260390;;7.0;;;
CARPINA;260400;;4.0;;;
CASINHAS;260415;;2.0;;;
CEDRO;260430;;3.0;;;
CHA GRANDE;260450;;9.0;;;
CORRENTES;260470;;4.0;;;
CORTES;260480;;1.0;;;
CUMARU;260490;;3.0;;;
CUPIRA;260500;;18.0;;;
CUSTODIA;260510;;1.0;;;
DORMENTES;260515;;4.0;;;
ESCADA;260520;;5.0;;;
EXU;260530;;3.0;;;
FLORES;260560;;16.0;;;
FLORESTA;260570;;42.0;;;
FREI MIGUELINHO;260580;;3.0;;;
GARANHUNS;260600;;222.0;7.0;1.0;
GLORIA DO GOITA;260610;;2.0;;;
GOIANA;260620;;37.0;;1.0;
GRANITO;260630;;1.0;;;
GRAVATA;260640;;17.0;;;
IATI;260650;;8.0;;;
IBIMIRIM;260660;;4.0;;;
IBIRAJUBA;260670;;2.0;;;
IGUARACY;260690;;1.0;;;
INAJA;260700;;2.0;;;
IPOJUCA;260720;;2.0;;;
IPUBI;260730;;7.0;1.0;;
ITACURUBA;260740;;2.0;;;
ITAIBA;260750;;9.0;;;
ITAMBE;260765;;12.0;;;
ITAPETIM;260770;;1.0;;;
JATAUBA;260800;;3.0;;;
JATOBA;260805;;5.0;;;
JOAO ALFREDO;260810;;1.0;;;
JOAQUIM NABUCO;260820;;3.0;;;
JUPI;260830;;3.0;;;
JUREMA;260840;;2.0;;;
LAGOA DO CARRO;260845;;2.0;;;
LAGOA DO OURO;260860;;5.0;;;
LAGOA DOS GATOS;260870;;6.0;;;
LAGOA GRANDE;260875;;1.0;;;
LAJEDO;260880;;11.0;;;
LIMOEIRO;260890;;43.0;;;
MACAPARANA;260900;;9.0;;;
MACHADOS;260910;;4.0;;;
MARAIAL;260920;;2.0;;;
MIRANDIBA;260930;;4.0;;;
MORENO;260940;;3.0;;2.0;
NAZARE DA MATA;260950;;1.0;;;
OLINDA;260960;;1.0;;;
OROBO;260970;;6.0;;;
OROCO;260980;;1.0;;;
OURICURI;260990;;162.0;;2.0;
PALMARES;261000;;132.0;;1.0;
PANELAS;261020;;7.0;;;
PARNAMIRIM;261040;;9.0;;;
PASSIRA;261050;;3.0;;;
PAUDALHO;261060;;11.0;;;
PEDRA;261080;;1.0;;;
PESQUEIRA;261090;;78.0;;;
PETROLANDIA;261100;;66.0;1.0;;
POCAO;261120;;2.0;;;
POMBOS;261130;;5.0;;;
QUIPAPA;261150;;18.0;;;
RIACHO DAS ALMAS;261170;;3.0;;;
RIBEIRAO;261180;;4.0;;;
RIO FORMOSO;261190;;1.0;;;
SAIRE;261200;;2.0;;;
SALGUEIRO;261220;;71.0;;3.0;
SANHARO;261240;;11.0;;;
SANTA CRUZ;261245;;1.0;;;
SANTA CRUZ DA BAIXA VERDE;261247;;6.0;;;
SANTA CRUZ DO CAPIBARIBE;261250;;18.0;;;
SANTA MARIA DA BOA VISTA;261260;;16.0;;;
SANTA TEREZINHA;261280;;1.0;;;
SAO BENEDITO DO SUL;261290;;2.0;;;
SAO BENTO DO UNA;261300;;13.0;;;
SAO CAITANO;261310;;22.0;;;
SAO JOAO;261320;;1.0;;;
SAO JOSE DO BELMONTE;261350;;28.0;;;
SAO JOSE DO EGITO;261360;;41.0;;;
SAO VICENTE FERRER;261380;;6.0;;;
SERRA TALHADA;261390;;130.0;;1.0;
SERRITA;261400;;4.0;;;
SERTANIA;261410;;10.0;;;
SIRINHAEM;261420;;14.0;;;
MOREILANDIA;261430;;5.0;;;
SOLIDAO;261440;;1.0;;;
SURUBIM;261450;;44.0;;;
TABIRA;261460;;19.0;;;
TAMANDARE;261485;;3.0;;;
TERRA NOVA;261520;;2.0;;;
TIMBAUBA;261530;;9.0;;;
TORITAMA;261540;;13.0;;;
TRINDADE;261560;;4.0;;;
TRIUNFO;261570;;10.0;;;
TUPARETAMA;261590;;23.0;;;
VENTUROSA;261600;;5.0;1.0;;
VICENCIA;261630;;4.0;;;
AGUA BRANCA;270010;;27.0;;;
ANADIA;270020;;3.0;;;
ARAPIRACA;270030;;709.0;1.0;2.0;1.0
ATALAIA;270040;;5.0;;;
BATALHA;270070;;11.0;;;
BOCA DA MATA;270100;;13.0;;;
CAMPO ALEGRE;270140;;2.0;;;
CAPELA;270170;;6.0;;;
COLONIA LEOPOLDINA;270210;;9.0;;;
CORURIPE;270230;;64.0;;;
DELMIRO GOUVEIA;270240;;29.0;;2.0;
FLEXEIRAS;270280;;4.0;;;
GIRAU DO PONCIANO;270290;;3.0;;;
JOAQUIM GOMES;270380;;4.0;;;
JUNQUEIRO;270400;;32.0;;;
MAJOR ISIDORO;270440;;1.0;;;
MARECHAL DEODORO;270470;;3.0;;;
MATA GRANDE;270500;;7.0;;;
MATRIZ DE CAMARAGIBE;270510;;4.0;;;
MURICI;270550;;14.0;;;
PALMEIRA DOS INDIOS;270630;;81.0;;1.0;
PAO DE ACUCAR;270640;;23.0;;;
PASSO DE CAMARAGIBE;270650;;23.0;;;
PAULO JACINTO;270660;;3.0;;;
PENEDO;270670;;80.0;;;
PILAR;270690;;27.0;;;
PIRANHAS;270710;;17.0;;;
PORTO CALVO;270730;;22.0;;2.0;
QUEBRANGULO;270760;;4.0;;;
RIO LARGO;270770;;8.0;;;
SANTANA DO IPANEMA;270800;;114.0;;2.0;
SAO BRAS;270820;;2.0;;;
SAO JOSE DA TAPERA;270840;;8.0;;;
SAO LUIS DO QUITUNDE;270850;;3.0;;;
SAO MIGUEL DOS CAMPOS;270860;;73.0;;1.0;
TEOTONIO VILELA;270915;;13.0;;;
UNIAO DOS PALMARES;270930;;38.0;;;
VICOSA;270940;;27.0;;;
AQUIDABA;280020;;4.0;;;
CANINDE DE SAO FRANCISCO;280120;;5.0;;;
CAPELA;280130;;5.0;;;
ESTANCIA;280210;;24.0;;;
ITABAIANA;280290;;29.0;;;
LAGARTO;280350;;148.0;;2.0;
NEOPOLIS;280440;;16.0;;;
NOSSA SENHORA DA GLORIA;280450;;12.0;;;
NOSSA SENHORA DO SOCORRO;280480;;54.0;;;
RIACHUELO;280590;;6.0;;;
SIMAO DIAS;280710;;1.0;;;
ABARE;290020;;5.0;;;
AGUA FRIA;290040;;4.0;;;
ALAGOINHAS;290070;;228.0;;2.0;
ALCOBACA;290080;;11.0;;;
AMARGOSA;290100;;52.0;;;
AMELIA RODRIGUES;290110;;11.0;;;
AMERICA DOURADA;290115;;7.0;;;
ANAGE;290120;;14.0;;;
ANDARAI;290130;;7.0;;;
ANTAS;290160;;20.0;;;
ARACATU;290200;;20.0;;;
ARACAS;290205;;4.0;;;
ARACI;290210;;24.0;;;
AURELINO LEAL;290240;;13.0;;;
BAIXA GRANDE;290260;;6.0;;;
BARRA;290270;;85.0;;;
BARRA DA ESTIVA;290280;;65.0;;;
BARRA DO CHOCA;290290;;40.0;1.0;;
BARRA DO MENDES;290300;;29.0;;;
BARREIRAS;290320;;282.0;;6.0;
BARRO ALTO;290323;;7.0;;;
BARRO PRETO;290330;;2.0;;;
BELMONTE;290340;;54.0;;;
BELO CAMPO;290350;;25.0;;;
BIRITINGA;290360;;8.0;;;
BOA VISTA DO TUPIM;290380;;2.0;;;
BOM JESUS DA LAPA;290390;;44.0;;1.0;
BOM JESUS DA SERRA;290395;;24.0;;;
BONINAL;290400;;19.0;;;
BONITO;290405;;9.0;;;
BOQUIRA;290410;;13.0;;;
BOTUPORA;290420;;4.0;;;
BREJOES;290430;;13.0;;;
BRUMADO;290460;;72.0;;7.0;7.0
CAATIBA;290480;;7.0;;;
CACHOEIRA;290490;;52.0;;;
CACULE;290500;;15.0;;;
CAEM;290510;;9.0;;;
CAETITE;290520;;67.0;;6.0;
CAFARNAUM;290530;;14.0;;;
CALDEIRAO GRANDE;290550;;13.0;;;
CAMACAN;290560;;46.0;;;
CAMACARI;290570;;103.0;;;
CAMPO ALEGRE DE LOURDES;290590;;58.0;;;
CAMPO FORMOSO;290600;;61.0;;;
CANAPOLIS;290610;;11.0;;;
CANARANA;290620;;20.0;;;
CANAVIEIRAS;290630;;107.0;;;
CANDEIAS;290650;;32.0;;;
CANDIBA;290660;;11.0;;;
CANDIDO SALES;290670;;40.0;;;
CANSANCAO;290680;;23.0;;;
CANUDOS;290682;;8.0;;;
CAPELA DO ALTO ALEGRE;290685;;3.0;;;
CAPIM GROSSO;290687;;29.0;;;
CARAVELAS;290690;;27.0;;;
CARINHANHA;290710;;16.0;;;
CASA NOVA;290720;;18.0;;;
CASTRO ALVES;290730;;13.0;;;
CATU;290750;;54.0;;;
CENTRAL;290760;;6.0;;;
CICERO DANTAS;290780;;26.0;;;
CIPO;290790;;3.0;;;
COARACI;290800;;1.0;;;
COCOS;290810;;24.0;;;
CONCEICAO DO ALMEIDA;290830;;13.0;;;
CONCEICAO DO COITE;290840;;80.0;;1.0;
CONCEICAO DO JACUIPE;290850;;8.0;;;
CONDE;290860;;7.0;;;
CONDEUBA;290870;;16.0;;;
CORACAO DE MARIA;290890;;6.0;;;
CORDEIROS;290900;;5.0;;;
CORIBE;290910;;9.0;;;
CORRENTINA;290930;;22.0;;;
CRAVOLANDIA;290950;;9.0;;;
CRUZ DAS ALMAS;290980;;18.0;;;
CURACA;290990;;4.0;;;
DIAS D'AVILA;291005;;2.0;;;
DOM BASILIO;291010;;3.0;;;
ELISIO MEDRADO;291030;;6.0;;;
ENCRUZILHADA;291040;;17.0;;;
ENTRE RIOS;291050;;16.0;;;
ESPLANADA;291060;;12.0;;;
EUCLIDES DA CUNHA;291070;;39.0;;;
EUNAPOLIS;291072;;160.0;;;1.0
FILADELFIA;291085;;15.0;;;
FORMOSA DO RIO PRETO;291110;;20.0;;;
GANDU;291120;;54.0;;;
GENTIO DO OURO;291130;;14.0;;;
GONGOGI;291150;;2.0;;;
GUANAMBI;291170;;108.0;;9.0;
GUARATINGA;291180;;26.0;;;
IACU;291190;;21.0;;;
IBIASSUCE;291200;;23.0;;;
IBICARAI;291210;;18.0;;;
IBICUI;291230;;15.0;;;
IBIPEBA;291240;;44.0;;;
IBIRAPITANGA;291270;;22.0;;;
IBIRATAIA;291290;;111.0;;;
IBITIARA;291300;;130.0;;;
IBITITA;291310;;26.0;;;
IBOTIRAMA;291320;;29.0;;;
ICHU;291330;;1.0;;;
IGAPORA;291340;;9.0;;;
IGUAI;291350;;47.0;1.0;;
INHAMBUPE;291370;;18.0;;;
IPIAU;291390;;70.0;;;
IPIRA;291400;;58.0;;;
IPUPIARA;291410;;22.0;;;
IRAJUBA;291420;;9.0;;;
IRAMAIA;291430;;4.0;;;
IRAQUARA;291440;;58.0;;;
IRARA;291450;;19.0;;;
IRECE;291460;;193.0;1.0;;
ITABELA;291465;;18.0;;;
ITABERABA;291470;;28.0;;;
ITABUNA;291480;;549.0;1.0;2.0;
ITACARE;291490;;20.0;;;
ITAGI;291510;;1.0;;;
ITAGIMIRIM;291530;;6.0;;;
ITAGUACU DA BAHIA;291535;;11.0;;;
ITAJU DO COLONIA;291540;;2.0;;;
ITAJUIPE;291550;;8.0;;;
ITAMARAJU;291560;;49.0;;;
ITAMARI;291570;;6.0;;;
ITAMBE;291580;;63.0;;;
ITANHEM;291600;;37.0;;;
ITAPARICA;291610;;65.0;;;
ITAPETINGA;291640;;99.0;;;
ITAPITANGA;291660;;4.0;;;
ITAQUARA;291670;;8.0;;;
ITARANTIM;291680;;22.0;;;
ITATIM;291685;;3.0;;;
ITIRUCU;291690;;36.0;;;
ITIUBA;291700;;41.0;;;
ITORORO;291710;;48.0;;;
ITUACU;291720;;9.0;;;
ITUBERA;291730;;34.0;;;
JABORANDI;291735;;12.0;;;
JACARACI;291740;;6.0;;;
JACOBINA;291750;;88.0;;;
JAGUAQUARA;291760;;71.0;;;
JAGUARARI;291770;;12.0;;;
JEQUIE;291800;;495.0;1.0;5.0;
JEREMOABO;291810;;2.0;;;
JIQUIRICA;291820;;14.0;;;
JOAO DOURADO;291835;;12.0;;;
JUAZEIRO;291840;;343.0;6.0;4.0;
JUSSARA;291850;;17.0;;;
JUSSIAPE;291860;;7.0;;;
LAJE;291880;;6.0;;;
LAJEDO DO TABOCAL;291905;;7.0;;;
LAPAO;291915;;23.0;;;
LAURO DE FREITAS;291920;;19.0;;;
LENCOIS;291930;;6.0;;;
LICINIO DE ALMEIDA;291940;;17.0;;;
LIVRAMENTO DE NOSSA SENHORA;291950;;17.0;;;
LUIS EDUARDO MAGALHAES;291955;;5.0;;;
MACAJUBA;291960;;10.0;;;
MACARANI;291970;;17.0;;;
MACAUBAS;291980;;53.0;;1.0;
MADRE DE DEUS;291992;;11.0;;;
MAIQUINIQUE;292000;;25.0;;;
MAIRI;292010;;13.0;;;
MALHADA;292020;;21.0;;;
MARACAS;292050;;34.0;;;
MARAGOGIPE;292060;;48.0;;;
MARCIONILIO SOUZA;292080;;5.0;;;
MATA DE SAO JOAO;292100;;15.0;;;
MATINA;292105;;5.0;;;
MEDEIROS NETO;292110;;52.0;;;
MIGUEL CALMON;292120;;22.0;;;
MILAGRES;292130;;4.0;;;
MONTE SANTO;292150;;26.0;;;
MORRO DO CHAPEU;292170;;48.0;;;
MORTUGABA;292180;;6.0;;;
MUCUGE;292190;;3.0;;;
MUCURI;292200;;6.0;;;
MULUNGU DO MORRO;292205;;15.0;;;
MUNDO NOVO;292210;;15.0;;;
MURITIBA;292230;;20.0;;;
MUTUIPE;292240;;10.0;;;
NAZARE;292250;;43.0;;1.0;
NORDESTINA;292265;;9.0;;;
NOVA CANAA;292270;;36.0;;;
NOVA VICOSA;292300;;25.0;;;
OURICANGAS;292330;;3.0;;;
PALMAS DE MONTE ALTO;292340;;27.0;;;
PARAMIRIM;292360;;33.0;;;
PARATINGA;292370;;26.0;;;
PAULO AFONSO;292400;;155.0;;4.0;
PE DE SERRA;292405;;2.0;;;
PIATA;292430;;23.0;;;
PILAO ARCADO;292440;;1.0;;;
PINDAI;292450;;17.0;;;
PINDOBACU;292460;;25.0;;;
PINTADAS;292465;;8.0;;;
PIRITIBA;292480;;11.0;;;
PLANALTINO;292490;;11.0;;;
PLANALTO;292500;;36.0;;;
POCOES;292510;;40.0;;;
POJUCA;292520;;20.0;;;
PONTO NOVO;292525;;14.0;;;
PRADO;292550;;6.0;;;
PRESIDENTE DUTRA;292560;;14.0;;;
PRESIDENTE TANCREDO NEVES;292575;;20.0;;;
QUEIMADAS;292580;;5.0;;;
QUIJINGUE;292590;;6.0;;;
RAFAEL JAMBEIRO;292595;;4.0;;;
REMANSO;292600;;69.0;;;
RETIROLANDIA;292610;;5.0;;;
RIACHAO DAS NEVES;292620;;7.0;;;
RIACHAO DO JACUIPE;292630;;22.0;;;
RIACHO DE SANTANA;292640;;41.0;;;
RIBEIRA DO POMBAL;292660;;72.0;;;
RIO DE CONTAS;292670;;1.0;;;
RIO REAL;292700;;16.0;;;
RUY BARBOSA;292720;;25.0;;;
SANTA BARBARA;292750;;15.0;;;
SANTA CRUZ CABRALIA;292770;;6.0;;;
SANTA INES;292790;;17.0;;;
SANTALUZ;292800;;63.0;;;
SANTA MARIA DA VITORIA;292810;;32.0;;;
SANTANA;292820;;12.0;;;
SANTANOPOLIS;292830;;10.0;;;
SANTA RITA DE CASSIA;292840;;38.0;;;
SANTA TERESINHA;292850;;7.0;;;
SANTO AMARO;292860;;17.0;;;
SANTO ANTONIO DE JESUS;292870;;200.0;;10.0;
SANTO ESTEVAO;292880;;11.0;;;
SAO DOMINGOS;292895;;3.0;;;
SAO FELIX;292900;;120.0;;;
SAO FELIX DO CORIBE;292905;;13.0;;;
SAO FELIPE;292910;;25.0;;;
SAO GABRIEL;292925;;12.0;;;
SAO GONCALO DOS CAMPOS;292930;;13.0;;;
SAO MIGUEL DAS MATAS;292940;;1.0;;;
SAO SEBASTIAO DO PASSE;292950;;28.0;;;
SAPEACU;292960;;46.0;;;
SATIRO DIAS;292970;;1.0;;;
SAUBARA;292975;;6.0;;;
SAUDE;292980;;2.0;;;
SEABRA;292990;;195.0;;;
SEBASTIAO LARANJEIRAS;293000;;14.0;;;
SENHOR DO BONFIM;293010;;68.0;;;
SERRA DO RAMALHO;293015;;27.0;;1.0;
SENTO SE;293020;;16.0;;;
SERRA DOURADA;293030;;2.0;;;
SERRA PRETA;293040;;3.0;;;
SERRINHA;293050;;43.0;;;
SERROLANDIA;293060;;6.0;;;
SIMOES FILHO;293070;;100.0;;;
SITIO DO MATO;293075;;1.0;;;
SOUTO SOARES;293080;;12.0;;;
TANQUE NOVO;293105;;15.0;;;
TANQUINHO;293110;;8.0;;;
TAPEROA;293120;;36.0;;;
TAPIRAMUTA;293130;;13.0;;;
TEIXEIRA DE FREITAS;293135;;328.0;4.0;;
TEOLANDIA;293160;;15.0;;;
TREMEDAL;293180;;19.0;;;
TUCANO;293190;;18.0;;;
UAUA;293200;;2.0;;;
UBAIRA;293210;;29.0;1.0;;
UBAITABA;293220;;28.0;;;
UBATA;293230;;31.0;;;
UIBAI;293240;;21.0;;;
UNA;293250;;21.0;;;
URANDI;293260;;10.0;;;
UTINGA;293280;;23.0;;;
VALENCA;293290;;368.0;;2.0;
VALENTE;293300;;13.0;;;
VARZEA DA ROCA;293305;;4.0;;;
VARZEA DO POCO;293310;;4.0;;;
VARZEA NOVA;293315;;18.0;;;
VEREDA;293325;;9.0;;;
WAGNER;293340;;16.0;;;
WANDERLEY;293345;;1.0;;;
WENCESLAU GUIMARAES;293350;;45.0;;;
XIQUE-XIQUE;293360;;129.0;;;
ABADIA DOS DOURADOS;310010;;5.0;;;
ABAETE;310020;;40.0;;;
ABRE CAMPO;310030;;37.0;;;
AGUA BOA;310060;;13.0;;;
AGUAS FORMOSAS;310090;;31.0;;;
AGUAS VERMELHAS;310100;;8.0;;;
AIMORES;310110;;37.0;;;
AIURUOCA;310120;;7.0;;;
ALAGOA;310130;;2.0;;;
ALEM PARAIBA;310150;;96.0;;;
ALMENARA;310170;;147.0;;5.0;
ALPINOPOLIS;310190;;14.0;;;
ALTEROSA;310200;;21.0;;;
ALVINOPOLIS;310230;;16.0;;;
CACHOEIRA DE PAJEU;310270;;3.0;;;
ANDRELANDIA;310280;;19.0;2.0;;
ANTONIO CARLOS;310290;;3.0;;;
ARACUAI;310340;;79.0;;;
ARAGUARI;310350;;176.0;4.0;10.0;
ARAPORA;310375;;5.0;;;
ARAXA;310400;;160.0;3.0;7.0;4.0
ARCOS;310420;;49.0;;;
AREADO;310430;;8.0;;;
ARINOS;310450;;13.0;;;
ASTOLFO DUTRA;310460;;6.0;;;
ATALEIA;310470;;23.0;;;
BAEPENDI;310490;;49.0;;6.0;
BAMBUI;310510;;59.0;3.0;1.0;
BARAO DE COCAIS;310540;;37.0;;;
BARBACENA;310560;;327.0;4.0;12.0;
BARROSO;310590;;40.0;6.0;;
BELO ORIENTE;310630;;6.0;;;
BELO VALE;310640;;9.0;;;
BERILO;310650;;15.0;;;
BICAS;310690;;79.0;;;
BOA ESPERANCA;310710;;42.0;;;
BOCAIUVA;310730;;62.0;2.0;6.0;
BOM DESPACHO;310740;;62.0;;;
BOM JARDIM DE MINAS;310750;;9.0;;;
BOM SUCESSO;310800;;24.0;;;
BORDA DA MATA;310830;;1.0;;;
BOTELHOS;310840;;27.0;;;
BRASILIA DE MINAS;310860;;122.0;;1.0;1.0
BRAZOPOLIS;310890;;32.0;;;
BRUMADINHO;310900;;31.0;;5.0;
BUENO BRANDAO;310910;;25.0;;;
BURITIS;310930;;13.0;;;
BURITIZEIRO;310940;;17.0;;;
CABO VERDE;310950;;15.0;;2.0;
CAETANOPOLIS;310990;;8.0;;;
CAETE;311000;;37.0;;;
CAMANDUCAIA;311050;;22.0;;;
CAMBUI;311060;;50.0;;;
CAMBUQUIRA;311070;;18.0;;;
CAMPANHA;311090;;16.0;;;
CAMPESTRE;311100;;27.0;;;
CAMPINA VERDE;311110;;32.0;;;
CAMPO BELO;311120;;120.0;;7.0;
CAMPO DO MEIO;311130;;8.0;;;
CAMPOS ALTOS;311150;;16.0;;;
CAMPOS GERAIS;311160;;23.0;;;
CANAPOLIS;311180;;6.0;;;
CANDEIAS;311200;;22.0;;;
CAPELINHA;311230;;62.0;;2.0;
CAPINOPOLIS;311260;;8.0;;3.0;
CAPITAO ENEAS;311270;;1.0;;;
CAPITOLIO;311280;;3.0;;;
CARAI;311300;;18.0;;;
CARANDAI;311320;;2.0;;1.0;
CARANGOLA;311330;;254.0;9.0;;
CARATINGA;311340;;159.0;4.0;14.0;4.0
CARBONITA;311350;;2.0;;;
CAREACU;311360;;4.0;;;
CARLOS CHAGAS;311370;;20.0;;;
CARMO DA CACHOEIRA;311390;;17.0;;;
CARMO DA MATA;311400;;3.0;;;
CARMO DE MINAS;311410;;15.0;;;
CARMO DO PARANAIBA;311430;;4.0;;;
CARMO DO RIO CLARO;311440;;20.0;;;
CARMOPOLIS DE MINAS;311450;;11.0;;;
CARVALHOS;311480;;7.0;;;
CASSIA;311510;;39.0;;;
CATAGUASES;311530;;219.0;;;
CAXAMBU;311550;;54.0;;;
CIPOTANEA;311630;;1.0;;;
CLAUDIO;311660;;51.0;;1.0;
COLUNA;311680;;12.0;;;
CONCEICAO DA APARECIDA;311710;;17.0;;;
CONCEICAO DAS ALAGOAS;311730;;17.0;;;
CONCEICAO DE IPANEMA;311740;;4.0;;;
CONCEICAO DO MATO DENTRO;311750;;7.0;;;
CONCEICAO DO RIO VERDE;311770;;6.0;;;
CONGONHAS;311800;;17.0;;10.0;4.0
CONQUISTA;311820;;4.0;;;
CONSELHEIRO PENA;311840;;17.0;;1.0;
CONTAGEM;311860;;302.0;;8.0;
CORACAO DE JESUS;311880;;38.0;;;
COROMANDEL;311930;;12.0;;;
CORONEL FABRICIANO;311940;;55.0;;1.0;
CRISTAIS;312020;;14.0;1.0;;
CRISTINA;312050;;26.0;;;
CRUZILIA;312080;;25.0;;2.0;
DIONISIO;312180;;2.0;;;
DIVINO;312200;;3.0;;;
DIVINOPOLIS;312230;;174.0;12.0;2.0;60.0
DIVISOPOLIS;312245;;1.0;;;
DOM JOAQUIM;312260;;2.0;;;
DOM SILVERIO;312270;;8.0;;;
DORES DO INDAIA;312320;;17.0;;;
ELOI MENDES;312360;;19.0;;;
ENTRE RIOS DE MINAS;312390;;54.0;;2.0;
ERVALIA;312400;;4.0;;;
ESMERALDAS;312410;;36.0;;;
ESPERA FELIZ;312420;;43.0;;;
ESPINOSA;312430;;40.0;;;
ESTIVA;312450;;10.0;;;
ESTRELA DO INDAIA;312470;;8.0;;;
ESTRELA DO SUL;312480;;1.0;;;
EUGENOPOLIS;312490;;7.0;;;
EXTREMA;312510;;71.0;;;
FELISBURGO;312560;;29.0;;;
FERROS;312590;;10.0;;;
FERVEDOURO;312595;;7.0;;;
FORMIGA;312610;;90.0;2.0;1.0;2.0
FREI INOCENCIO;312690;;9.0;;;
FRUTAL;312710;;44.0;;;
GALILEIA;312730;;1.0;;;
GRAO MOGOL;312780;;46.0;;;
GUANHAES;312800;;22.0;;1.0;
GUAPE;312810;;10.0;1.0;;
GUARACIABA;312820;;5.0;;;
GUARANESIA;312830;;17.0;;;
GUARANI;312840;;11.0;;;
GURINHATA;312910;;3.0;;;
IBERTIOGA;312940;;5.0;;;
IBIA;312950;;5.0;;;
IGUATAMA;313030;;9.0;;;
INHAPIM;313090;;5.0;;;
IPANEMA;313120;;1.0;;1.0;
IPATINGA;313130;;598.0;22.0;;
IPIACU;313140;;1.0;;;
IPUIUNA;313150;;7.0;;;
ITABIRA;313170;;197.0;;5.0;
ITABIRINHA;313180;;6.0;;5.0;
ITABIRITO;313190;;27.0;1.0;1.0;
ITACARAMBI;313210;;18.0;;;
ITAIPE;313230;;11.0;;;
ITAMARANDIBA;313250;;61.0;;2.0;
ITAMBACURI;313270;;66.0;;;
ITAMONTE;313300;;18.0;;;
ITANHANDU;313310;;29.0;2.0;;
ITANHOMI;313320;;10.0;;;
ITAPAGIPE;313340;;2.0;;;
ITAPECERICA;313350;;34.0;;1.0;
ITAU DE MINAS;313375;;7.0;;;
ITURAMA;313440;;34.0;;3.0;
JABOTICATUBAS;313460;;20.0;;;
JACINTO;313470;;33.0;;;
JACUI;313480;;1.0;;;
JACUTINGA;313490;;23.0;;;
JAIBA;313505;;15.0;;;
JANAUBA;313510;;35.0;;2.0;1.0
JANUARIA;313520;;114.0;;;
JECEABA;313540;;3.0;;;
JEQUITINHONHA;313580;;40.0;;;
JOAIMA;313600;;27.0;;;
JOAO PINHEIRO;313630;;27.0;;;
JORDANIA;313650;;7.0;;;
JURUAIA;313690;;2.0;;;
LADAINHA;313700;;16.0;;;
LAGOA DA PRATA;313720;;48.0;;;
LAGOA FORMOSA;313750;;12.0;;;
LAGOA SANTA;313760;;17.0;;;
LAMBARI;313780;;12.0;;;
LAMIM;313790;;2.0;;;
LARANJAL;313800;;2.0;;;
LAVRAS;313820;;137.0;2.0;;
LIBERDADE;313850;;9.0;;;
LUZ;313880;;25.0;;4.0;
MACHACALIS;313890;;27.0;;;
MACHADO;313900;;20.0;;1.0;
MALACACHETA;313920;;54.0;;;
MANGA;313930;;38.0;;;
MANHUACU;313940;;91.0;1.0;2.0;
MANTENA;313960;;137.0;;;
MAR DE ESPANHA;313980;;27.0;;;
MARIA DA FE;313990;;7.0;;;
MARIANA;314000;;45.0;;;
MARTINHO CAMPOS;314050;;15.0;;;
MATEUS LEME;314070;;15.0;;1.0;
MATIPO;314090;;5.0;;;
MATOZINHOS;314110;;30.0;;;
MEDINA;314140;;36.0;1.0;;
MENDES PIMENTEL;314150;;14.0;;;
MERCES;314160;;9.0;;;
MINAS NOVAS;314180;;41.0;;;
MINDURI;314190;;3.0;;;
MIRABELA;314200;;14.0;;;
MIRADOURO;314210;;11.0;;;
MIRAI;314220;;44.0;;;
MOEMA;314240;;3.0;;;
MONSENHOR PAULO;314260;;11.0;;;
MONTALVANIA;314270;;24.0;;;
MONTE ALEGRE DE MINAS;314280;;12.0;;;
MONTE AZUL;314290;;60.0;;;
MONTE BELO;314300;;11.0;;;
MONTE SANTO DE MINAS;314320;;33.0;1.0;;
MUTUM;314400;;33.0;;;
MUZAMBINHO;314410;;7.0;;;
NANUQUE;314430;;49.0;;2.0;
NATERCIA;314440;;4.0;;;
NEPOMUCENO;314460;;20.0;;;
NOVA ERA;314470;;15.0;;;
NOVA LIMA;314480;;90.0;;5.0;
NOVA RESENDE;314510;;6.0;;;
NOVA SERRANA;314520;;12.0;;2.0;
NOVO CRUZEIRO;314530;;42.0;;;
OLIVEIRA;314560;;33.0;;;
OURO BRANCO;314590;;57.0;2.0;;
OURO FINO;314600;;50.0;;;
PADRE PARAISO;314630;;41.0;;;
PAINS;314650;;8.0;;;
PALMA;314670;;18.0;;;
PARACATU;314700;;90.0;;;
PARAGUACU;314720;;11.0;;;
PARAISOPOLIS;314730;;22.0;;1.0;
PARAOPEBA;314740;;1.0;;;
PASSABEM;314750;;4.0;;;
PASSA QUATRO;314760;;38.0;;;
PASSA TEMPO;314770;;16.0;;;
PATROCINIO;314810;;113.0;;;
PAVAO;314850;;16.0;;;
PEDRA AZUL;314870;;9.0;;;
PEDRALVA;314910;;7.0;;;
PEDRINOPOLIS;314920;;1.0;;;
PEDRO LEOPOLDO;314930;;56.0;;;
PERDIZES;314980;;22.0;;;
PERDOES;314990;;9.0;;;
PIEDADE DO RIO GRANDE;315030;;3.0;;;
PIMENTA;315050;;2.0;;;
PIRANGA;315080;;26.0;;;
PIRAPETINGA;315110;;26.0;;;
PIRAPORA;315120;;149.0;2.0;2.0;
PITANGUI;315140;;34.0;;;
PIUMHI;315150;;64.0;1.0;2.0;
POCO FUNDO;315170;;10.0;;4.0;
POCRANE;315190;;7.0;;;
POMPEU;315200;;24.0;1.0;;
PONTE NOVA;315210;;183.0;;2.0;4.0
POTE;315240;;16.0;;;
POUSO ALEGRE;315250;;227.0;1.0;1.0;8.0
POUSO ALTO;315260;;7.0;;;
PRADOS;315270;;5.0;;;
PRATA;315280;;18.0;;;
PRESIDENTE BERNARDES;315310;;3.0;;;
PRESIDENTE OLEGARIO;315340;;2.0;;;
RAUL SOARES;315400;;35.0;;4.0;
RECREIO;315410;;22.0;;;
RESENDE COSTA;315420;;18.0;;;
RESPLENDOR;315430;;110.0;;4.0;
RIBEIRAO DAS NEVES;315460;;76.0;;;
RIO CASCA;315490;;19.0;;;
RIO ESPERA;315520;;9.0;;;
RIO NOVO;315540;;15.0;;;
RIO PARDO DE MINAS;315560;;39.0;;;
RIO PIRACICABA;315570;;61.0;;;
RIO POMBA;315580;;57.0;;6.0;
RIO PRETO;315590;;13.0;;;
RIO VERMELHO;315600;;17.0;;;
RUBIM;315660;;20.0;;;
SABARA;315670;;12.0;;;
SABINOPOLIS;315680;;19.0;;;
SACRAMENTO;315690;;13.0;;2.0;
SALINAS;315700;;178.0;;;
SALTO DA DIVISA;315710;;7.0;;;
SANTA BARBARA;315720;;22.0;;;
SANTA JULIANA;315770;;1.0;;;
SANTA LUZIA;315780;;42.0;;;
SANTA MARGARIDA;315790;;17.0;;;
SANTA MARIA DE ITABIRA;315800;;3.0;;;
SANTA MARIA DO SUACUI;315820;;62.0;;;
SANTA RITA DE CALDAS;315920;;5.0;;;
SANTA RITA DE JACUTINGA;315930;;3.0;;;
SANTA RITA DO SAPUCAI;315960;;26.0;;4.0;
SANTA VITORIA;315980;;8.0;;;
SANTO ANTONIO DO AMPARO;315990;;25.0;;;
SANTO ANTONIO DO MONTE;316040;;18.0;;;
SANTOS DUMONT;316070;;78.0;;;
SAO DOMINGOS DO PRATA;316100;;40.0;;;
SAO FRANCISCO;316110;;110.0;1.0;;
SAO GONCALO DO SAPUCAI;316200;;35.0;;;
SAO GOTARDO;316210;;20.0;;;
SAO JOAO BATISTA DO GLORIA;316220;;1.0;;;
SAO JOAO DA PONTE;316240;;43.0;;5.0;
SAO JOAO DEL REI;316250;;278.0;9.0;1.0;
SAO JOAO DO PARAISO;316270;;29.0;;;
SAO JOAO EVANGELISTA;316280;;41.0;;;
SAO JOAO NEPOMUCENO;316290;;48.0;;;
SAO PEDRO DA UNIAO;316390;;2.0;;;
SAO PEDRO DOS FERROS;316400;;15.0;;;
SAO ROMAO;316420;;12.0;;;
SAO ROQUE DE MINAS;316430;;1.0;;;
SAO SEBASTIAO DO PARAISO;316470;;149.0;;3.0;
SAO TIAGO;316500;;12.0;;;
SAO VICENTE DE MINAS;316530;;6.0;;;
SERRANIA;316690;;3.0;;;
SETE LAGOAS;316720;;192.0;;1.0;
SILVIANOPOLIS;316740;;5.0;;;
TARUMIRIM;316840;;3.0;;;
TEIXEIRAS;316850;;15.0;;;
TIMOTEO;316870;;140.0;3.0;1.0;
TOMBOS;316920;;2.0;;;
TRES MARIAS;316935;;36.0;;2.0;
TUPACIGUARA;316960;;3.0;;;
TURMALINA;316970;;23.0;;2.0;
UNAI;317040;;43.0;1.0;;
UNIAO DE MINAS;317043;;5.0;;;
URUCUIA;317052;;8.0;;;
VARGINHA;317070;;107.0;1.0;;
VARZEA DA PALMA;317080;;24.0;;;
VAZANTE;317100;;4.0;;;
VESPASIANO;317120;;14.0;;;
VICOSA;317130;;143.0;2.0;;
VIRGEM DA LAPA;317160;;41.0;;;
VIRGINIA;317170;;10.0;;;
VIRGINOPOLIS;317180;;43.0;;;
VISCONDE DO RIO BRANCO;317200;;92.0;;3.0;
VOLTA GRANDE;317210;;3.0;;;
AFONSO CLAUDIO;320010;;23.0;;;
ALEGRE;320020;;50.0;;;
ARACRUZ;320060;;49.0;;;
ATILIO VIVACQUA;320070;;2.0;;;
BAIXO GUANDU;320080;;36.0;;;
BOA ESPERANCA;320100;;8.0;;;
CACHOEIRO DE ITAPEMIRIM;320120;;547.0;6.0;7.0;
CASTELO;320140;;40.0;;;
COLATINA;320150;;55.0;2.0;10.0;
CONCEICAO DA BARRA;320160;;2.0;;;
DOMINGOS MARTINS;320190;;35.0;;;
ECOPORANGA;320210;;25.0;;;
GUACUI;320230;;59.0;;2.0;
GUARAPARI;320240;;19.0;1.0;;
IBATIBA;320245;;43.0;;;
ITAGUACU;320270;;11.0;;;
ITAPEMIRIM;320280;;92.0;;;
ITARANA;320290;;7.0;;;
IUNA;320300;;34.0;;;
JAGUARE;320305;;2.0;;;
JERONIMO MONTEIRO;320310;;26.0;;;
LARANJA DA TERRA;320316;;2.0;;;
LINHARES;320320;;123.0;2.0;7.0;
MANTENOPOLIS;320330;;20.0;;;
MIMOSO DO SUL;320340;;35.0;;;
MONTANHA;320350;;10.0;;;
MUCURICI;320360;;5.0;;;
MUNIZ FREIRE;320370;;12.0;;;
MUQUI;320380;;10.0;;;
NOVA VENECIA;320390;;39.0;;;
PANCAS;320400;;10.0;;;
PINHEIROS;320410;;18.0;;;
PIUMA;320420;;3.0;;;
RIO BANANAL;320435;;1.0;;;
SANTA LEOPOLDINA;320450;;7.0;;;
SANTA MARIA DE JETIBA;320455;;2.0;;;
SANTA TERESA;320460;;24.0;;6.0;23.0
SAO GABRIEL DA PALHA;320470;;25.0;;;
SAO JOSE DO CALCADO;320480;;48.0;1.0;;
VARGEM ALTA;320503;;1.0;;;
VENDA NOVA DO IMIGRANTE;320506;;13.0;;2.0;
VILA VELHA;320520;;232.0;;14.0;47.0
AREAL;330022;;18.0;;;
ARMACAO DOS BUZIOS;330023;;15.0;;;
ARRAIAL DO CABO;330025;;38.0;;;
BARRA DO PIRAI;330030;;182.0;3.0;2.0;
BELFORD ROXO;330045;;17.0;;;
BOM JARDIM;330050;;39.0;;;
BOM JESUS DO ITABAPOANA;330060;;124.0;1.0;2.0;
CABO FRIO;330070;;123.0;3.0;;2.0
CACHOEIRAS DE MACACU;330080;;67.0;;1.0;
CAMBUCI;330090;;22.0;;;
CAMPOS DOS GOYTACAZES;330100;;381.0;8.0;4.0;7.0
CANTAGALO;330110;;44.0;2.0;;
CARMO;330120;;25.0;;;
CASIMIRO DE ABREU;330130;;14.0;;;
CONCEICAO DE MACABU;330140;;6.0;;;
CORDEIRO;330150;;35.0;;;
DUAS BARRAS;330160;;22.0;;;
GUAPIMIRIM;330185;;68.0;;;
ITABORAI;330190;;182.0;;;
ITAGUAI;330200;;82.0;;;
ITALVA;330205;;10.0;;;
ITAOCARA;330210;;149.0;;;
ITAPERUNA;330220;;214.0;6.0;;9.0
ITATIAIA;330225;;20.0;;;
LAJE DO MURIAE;330230;;5.0;;;
MACAE;330240;;122.0;1.0;2.0;
MAGE;330250;;219.0;1.0;;
MANGARATIBA;330260;;80.0;;;
MARICA;330270;;91.0;1.0;1.0;
MENDES;330280;;36.0;;;
MIRACEMA;330300;;57.0;;;
NATIVIDADE;330310;;27.0;;;
NILOPOLIS;330320;;88.0;;;
NITEROI;330330;;233.0;5.0;6.0;21.0
PARACAMBI;330360;;109.0;;;
PARAIBA DO SUL;330370;;55.0;4.0;2.0;41.0
PARATY;330380;;29.0;;;
PINHEIRAL;330395;;23.0;;;
PIRAI;330400;;38.0;;;
PORTO REAL;330411;;28.0;;;
QUATIS;330412;;17.0;;;
QUISSAMA;330415;;58.0;;;
RESENDE;330420;;182.0;;2.0;
RIO BONITO;330430;;129.0;;3.0;
RIO CLARO;330440;;13.0;;;
RIO DAS OSTRAS;330452;;63.0;;;
SANTA MARIA MADALENA;330460;;20.0;;;
SANTO ANTONIO DE PADUA;330470;;131.0;1.0;;
SAO FRANCISCO DE ITABAPOANA;330475;;41.0;;;
SAO FIDELIS;330480;;109.0;;2.0;
SAO JOAO DA BARRA;330500;;13.0;;;
SAO JOAO DE MERITI;330510;;10.0;;;
SAO JOSE DO VALE DO RIO PRETO;330515;;46.0;;;
SAO SEBASTIAO DO ALTO;330530;;22.0;;;
SAQUAREMA;330550;;70.0;1.0;;
SILVA JARDIM;330560;;7.0;;;
SUMIDOURO;330570;;15.0;;;
TRAJANO DE MORAES;330590;;7.0;;;
VALENCA;330610;;167.0;2.0;3.0;
VARRE-SAI;330615;;8.0;;;
ADAMANTINA;350010;;68.0;;2.0;
AGUAI;350030;;50.0;1.0;;
AGUAS DE LINDOIA;350050;;43.0;;;
AGUDOS;350070;;11.0;;;
ALTINOPOLIS;350100;;24.0;;;
ALTO ALEGRE;350110;;3.0;;;
ALVARES MACHADO;350130;;2.0;;;
AMERICO BRASILIENSE;350170;;34.0;1.0;;
AMPARO;350190;;39.0;1.0;;
ANDRADINA;350210;;215.0;4.0;;
ANGATUBA;350220;;38.0;;;
APARECIDA;350250;;50.0;;;
APARECIDA D'OESTE;350260;;6.0;;;
APIAI;350270;;49.0;;;
ARARAQUARA;350320;;210.0;1.0;1.0;
ARARAS;350330;;102.0;1.0;;1.0
AREALVA;350340;;3.0;;;
ASSIS;350400;;136.0;2.0;;5.0
ATIBAIA;350410;;50.0;;3.0;
AURIFLAMA;350420;;35.0;;;
AVARE;350450;;91.0;2.0;;
BANANAL;350490;;2.0;;;
BARIRI;350520;;67.0;;;
BARRA BONITA;350530;;49.0;1.0;;
BASTOS;350580;;17.0;;;
BEBEDOURO;350610;;112.0;;1.0;3.0
BERNARDINO DE CAMPOS;350630;;19.0;;;
BERTIOGA;350635;;39.0;;;
BILAC;350640;;1.0;;;
BOA ESPERANCA DO SUL;350670;;1.0;;;
BOCAINA;350680;;5.0;;;
BOITUVA;350700;;26.0;;;
BOM JESUS DOS PERDOES;350710;;5.0;;;
BORBOREMA;350740;;15.0;;;
BOTUCATU;350750;;302.0;46.0;3.0;139.0
BROTAS;350790;;4.0;;;1.0
BURITAMA;350810;;10.0;;;
CABREUVA;350840;;13.0;;;
CACHOEIRA PAULISTA;350860;;8.0;;;
CACONDE;350870;;17.0;;;
CAFELANDIA;350880;;4.0;;2.0;
CAJAMAR;350920;;18.0;;;
CAJOBI;350930;;2.0;;;
CAJURU;350940;;31.0;;;
CAMPO LIMPO PAULISTA;350960;;36.0;;;
CAMPOS DO JORDAO;350970;;12.0;;;
CANDIDO MOTA;351000;;25.0;;;
CAPAO BONITO;351020;;46.0;;;
CAPIVARI;351040;;47.0;;;
CARAGUATATUBA;351050;;112.0;2.0;4.0;
CARAPICUIBA;351060;;192.0;2.0;2.0;
CASA BRANCA;351080;;17.0;;;
CASTILHO;351100;;1.0;;;
CERQUEIRA CESAR;351140;;18.0;;;
CERQUILHO;351150;;35.0;;;
CESARIO LANGE;351160;;20.0;;;
CHARQUEADA;351170;;12.0;;;
CLEMENTINA;351190;;10.0;;;
COLINA;351200;;5.0;;2.0;
CONCHAL;351220;;14.0;;;
CONCHAS;351230;;51.0;;;
COSMOPOLIS;351280;;41.0;;;
COTIA;351300;;182.0;;3.0;
CRAVINHOS;351310;;4.0;;;
CUBATAO;351350;;147.0;1.0;1.0;
CUNHA;351360;;36.0;;;
DESCALVADO;351370;;32.0;;;
DIADEMA;351380;;323.0;7.0;5.0;
DIVINOLANDIA;351390;;25.0;;;
DRACENA;351440;;114.0;9.0;;
DUARTINA;351450;;13.0;;;
EMBU DAS ARTES;351500;;114.0;;;
EMBU-GUACU;351510;;4.0;;;
ESPIRITO SANTO DO PINHAL;351518;;101.0;;;
ESTRELA D'OESTE;351520;;1.0;;;
FARTURA;351540;;17.0;;;
FERNANDOPOLIS;351550;;151.0;2.0;;
FERRAZ DE VASCONCELOS;351570;;170.0;;;
FLORIDA PAULISTA;351600;;9.0;;;
FRANCISCO MORATO;351630;;143.0;;;
FRANCO DA ROCHA;351640;;38.0;;5.0;
GALIA;351660;;7.0;;;
GARCA;351670;;64.0;;2.0;
GENERAL SALGADO;351690;;18.0;;;
GETULINA;351700;;3.0;;;
GUAPIARA;351760;;15.0;;;
GUARA;351770;;29.0;;;
GUARACAI;351780;;16.0;;;
GUARARAPES;351820;;23.0;;2.0;
GUARAREMA;351830;;34.0;;;
GUARIBA;351860;;9.0;;2.0;
GUARUJA;351870;;254.0;;3.0;
HERCULANDIA;351900;;5.0;;;
HORTOLANDIA;351907;;35.0;;;
IACANGA;351910;;6.0;;;
IACRI;351920;;2.0;;;
IBATE;351930;;25.0;;;
IBIRA;351940;;5.0;;;
IBITINGA;351960;;94.0;;1.0;
IBIUNA;351970;;9.0;;;
IEPE;351990;;4.0;;;
IGARACU DO TIETE;352000;;2.0;;;
IGARAPAVA;352010;;37.0;;;4.0
IGUAPE;352030;;7.0;;;
ILHABELA;352040;;23.0;;;
ILHA SOLTEIRA;352044;;45.0;;;
INDAIATUBA;352050;;213.0;1.0;;
INDIAPORA;352070;;2.0;;;
IPAUSSU;352090;;34.0;;;
IPUA;352130;;11.0;;;
ITABERA;352170;;10.0;;;
ITAI;352180;;24.0;;;
ITAJOBI;352190;;5.0;;;
ITANHAEM;352210;;32.0;;1.0;17.0
ITAPETININGA;352230;;93.0;1.0;2.0;
ITAPEVA;352240;;261.0;;;
ITAPEVI;352250;;38.0;;1.0;
ITAPIRA;352260;;86.0;;1.0;
ITAPOLIS;352270;;84.0;2.0;;
ITAPORANGA;352280;;20.0;;;
ITAPUI;352290;;6.0;;;
ITAQUAQUECETUBA;352310;;237.0;;2.0;1.0
ITARARE;352320;;60.0;;;
ITATIBA;352340;;51.0;3.0;;
ITATINGA;352350;;2.0;;;
ITIRAPINA;352360;;3.0;;;
ITU;352390;;102.0;;;
ITUPEVA;352400;;11.0;;;
ITUVERAVA;352410;;72.0;10.0;;
JABOTICABAL;352430;;80.0;;;
JACI;352450;;6.0;;;
JAGUARIUNA;352470;;30.0;;;
JALES;352480;;218.0;;2.0;
JANDIRA;352500;;28.0;;;
JARINU;352520;;2.0;;;
JOANOPOLIS;352550;;3.0;;;
JOSE BONIFACIO;352570;;9.0;;;
JUNQUEIROPOLIS;352600;;49.0;;;
JUQUIA;352610;;2.0;;;
LARANJAL PAULISTA;352640;;18.0;;;
LEME;352670;;68.0;1.0;4.0;
LENCOIS PAULISTA;352680;;29.0;1.0;;
LINS;352710;;55.0;2.0;;
LORENA;352720;;122.0;2.0;;
LOUVEIRA;352730;;8.0;;1.0;
LUCELIA;352740;;30.0;;;
MACATUBA;352800;;17.0;;;
MAIRIPORA;352850;;37.0;;;
MARACAI;352880;;13.0;;;
MARTINOPOLIS;352920;;20.0;;;
MAUA;352940;;435.0;1.0;;1.0
MIGUELOPOLIS;352970;;34.0;;;
MIRANDOPOLIS;353010;;56.0;2.0;;
MIRASSOL;353030;;1.0;1.0;;
MOCOCA;353050;;178.0;3.0;;
MOGI GUACU;353070;;187.0;3.0;6.0;9.0
MOGI MIRIM;353080;;155.0;1.0;;
MONGAGUA;353110;;17.0;;;
MONTE ALTO;353130;;41.0;;;
MONTE APRAZIVEL;353140;;28.0;;;
MONTE AZUL PAULISTA;353150;;42.0;;;
MORRO AGUDO;353190;;15.0;;;
NAZARE PAULISTA;353240;;16.0;;;
NEVES PAULISTA;353250;;3.0;;;
NHANDEARA;353260;;4.0;;1.0;
NOVA EUROPA;353290;;9.0;;;
NOVA GRANADA;353300;;3.0;;;
NOVA ODESSA;353340;;24.0;;;
NOVO HORIZONTE;353350;;30.0;;2.0;2.0
OLIMPIA;353390;;149.0;;;
ORLANDIA;353430;;43.0;;1.0;
OSVALDO CRUZ;353460;;53.0;1.0;;
OURINHOS;353470;;124.0;2.0;5.0;
PACAEMBU;353490;;2.0;;;
PALMEIRA D'OESTE;353520;;4.0;;;
PALMITAL;353530;;35.0;;;
PANORAMA;353540;;4.0;1.0;;
PARAGUACU PAULISTA;353550;;41.0;;;
PARAIBUNA;353560;;5.0;;;
PARANAPANEMA;353580;;6.0;;;
PARAPUA;353600;;15.0;;;
PARIQUERA-ACU;353620;;241.0;1.0;;
PATROCINIO PAULISTA;353630;;11.0;;;
PAULO DE FARIA;353660;;2.0;;;
PEDERNEIRAS;353670;;30.0;;;
PEDREGULHO;353700;;6.0;;2.0;
PEDREIRA;353710;;17.0;;;
PENAPOLIS;353730;;60.0;;;
PEREIRA BARRETO;353740;;7.0;;;
PERUIBE;353760;;63.0;;;
PIEDADE;353780;;71.0;;;
PILAR DO SUL;353790;;29.0;;;
PINDAMONHANGABA;353800;;120.0;;;4.0
PIRACAIA;353860;;17.0;;;
PIRAJU;353880;;50.0;;;
PIRAJUI;353890;;4.0;;;
PIRANGI;353900;;2.0;;;
PIRASSUNUNGA;353930;;80.0;;;
PIRATININGA;353940;;8.0;;;
POA;353980;;42.0;;;
POMPEIA;354000;;34.0;;2.0;
PONTAL;354020;;5.0;1.0;1.0;
POPULINA;354040;;2.0;;;
PORTO FELIZ;354060;;36.0;;;
PORTO FERREIRA;354070;;49.0;;2.0;
PRAIA GRANDE;354100;;123.0;;1.0;
PRESIDENTE EPITACIO;354130;;53.0;;;
PRESIDENTE VENCESLAU;354150;;108.0;;2.0;
PROMISSAO;354160;;53.0;;14.0;1.0
QUELUZ;354190;;4.0;;;
RANCHARIA;354220;;73.0;;;
REGISTRO;354260;;22.0;2.0;2.0;
RIBEIRAO BONITO;354290;;1.0;1.0;;
RIBEIRAO BRANCO;354300;;10.0;;;
RIBEIRAO PIRES;354330;;89.0;;;
RINOPOLIS;354380;;13.0;;;
RIO DAS PEDRAS;354400;;15.0;;;
ROSANA;354425;;79.0;;;
ROSEIRA;354430;;2.0;;;
SALES OLIVEIRA;354490;;7.0;;;
SALESOPOLIS;354500;;6.0;;;
SALTO;354520;;116.0;;2.0;
SALTO DE PIRAPORA;354530;;47.0;;1.0;
SALTO GRANDE;354540;;21.0;;;
SANTA BARBARA D'OESTE;354580;;78.0;;9.0;
SANTA CRUZ DAS PALMEIRAS;354630;;25.0;;;
SANTA FE DO SUL;354660;;68.0;;2.0;
SANTA ISABEL;354680;;88.0;;;
SANTANA DE PARNAIBA;354730;;36.0;;;
SANTA RITA DO PASSA QUATRO;354750;;40.0;;;
SANTA ROSA DE VITERBO;354760;;16.0;;;
SANTO ANASTACIO;354770;;10.0;;1.0;
SAO BENTO DO SAPUCAI;354860;;26.0;;;
SAO JOAQUIM DA BARRA;354940;;129.0;4.0;;9.0
SAO LUIS DO PARAITINGA;355000;;11.0;;;
SAO MANUEL;355010;;35.0;;;
SAO PEDRO;355040;;9.0;1.0;1.0;
SAO ROQUE;355060;;77.0;;;
SAO SEBASTIAO;355070;;52.0;;;
SAO SEBASTIAO DA GRAMA;355080;;29.0;1.0;;
SAO SIMAO;355090;;14.0;;;
SAO VICENTE;355100;;261.0;;3.0;
SERRANA;355150;;30.0;;4.0;
SERRA NEGRA;355160;;24.0;;;
SERTAOZINHO;355170;;95.0;;;
SILVEIRAS;355200;;1.0;;;
SOCORRO;355210;;47.0;;1.0;
SUD MENNUCCI;355230;;15.0;;;
SUZANO;355250;;98.0;;1.0;16.0
TABAPUA;355260;;6.0;;;
TABATINGA;355270;;29.0;;;
TAGUAI;355300;;8.0;;;
TAMBAU;355330;;18.0;;;
TANABI;355340;;5.0;;;
TAPIRATIBA;355360;;14.0;;;
TAQUARITINGA;355370;;56.0;;5.0;
TAQUARITUBA;355380;;29.0;;;
TATUI;355400;;134.0;;1.0;
TEODORO SAMPAIO;355430;;72.0;;;
TERRA ROXA;355440;;5.0;;;
TIETE;355450;;46.0;;;
TORRINHA;355470;;1.0;;;
TREMEMBE;355480;;11.0;;;
TUPI PAULISTA;355510;;14.0;;;
UBATUBA;355540;;99.0;1.0;1.0;
URUPES;355600;;23.0;;;
VALINHOS;355620;;109.0;2.0;;
VALPARAISO;355630;;21.0;;;
VARGEM GRANDE DO SUL;355640;;56.0;;;
VARZEA PAULISTA;355650;;49.0;;;
VINHEDO;355670;;40.0;;;
VIRADOURO;355680;;8.0;;;
VISTA ALEGRE DO ALTO;355690;;1.0;;;
VOTORANTIM;355700;;43.0;;;
VOTUPORANGA;355710;;262.0;;;
CHAVANTES;355720;;35.0;;;
ABATIA;410010;;13.0;;;
ALMIRANTE TAMANDARE;410040;;30.0;;;
ALTAMIRA DO PARANA;410045;;15.0;;;
ALTONIA;410050;;31.0;;;
ALVORADA DO SUL;410080;;2.0;;;
AMPERE;410100;;11.0;;;
ANDIRA;410110;;59.0;;;
ANTONINA;410120;;6.0;2.0;;
ARAPONGAS;410150;;288.0;3.0;;322.0
ARAPOTI;410160;;24.0;;;
ARARUNA;410170;;40.0;;;
ARAUCARIA;410180;;125.0;1.0;1.0;
ASSAI;410190;;22.0;;;
ASSIS CHATEAUBRIAND;410200;;91.0;;6.0;
ASTORGA;410210;;38.0;;1.0;3.0
ATALAIA;410220;;7.0;;;
BARBOSA FERRAZ;410250;;27.0;;;
BARRACAO;410260;;2.0;;;
BELA VISTA DO PARAISO;410280;;8.0;;;
BITURUNA;410290;;19.0;;;
BOA ESPERANCA;410300;;20.0;;;
BOA VISTA DA APARECIDA;410305;;17.0;;;
BOM SUCESSO;410320;;6.0;;;
BORRAZOPOLIS;410330;;8.0;;;
CAFELANDIA;410345;;48.0;;;
CAMBARA;410360;;40.0;;;
CAMBE;410370;;92.0;;;
CAMPINA DA LAGOA;410390;;35.0;;;
CANDIDO DE ABREU;410440;;8.0;;;
CANDOI;410442;;10.0;;;
CANTAGALO;410445;;15.0;;;
CAPANEMA;410450;;39.0;;;
CAPITAO LEONIDAS MARQUES;410460;;1.0;;;
CARLOPOLIS;410470;;12.0;;;
CASTRO;410490;;84.0;;;
CATANDUVAS;410500;;20.0;;;
CENTENARIO DO SUL;410510;;18.0;;;
CERRO AZUL;410520;;8.0;;;
CEU AZUL;410530;;9.0;;;
CHOPINZINHO;410540;;45.0;;;
CIANORTE;410550;;152.0;;8.0;
CIDADE GAUCHA;410560;;6.0;;;
CLEVELANDIA;410570;;10.0;;;
COLOMBO;410580;;52.0;;;
COLORADO;410590;;71.0;;2.0;
CONSELHEIRO MAIRINCK;410610;;1.0;;;
CONTENDA;410620;;1.0;;;
CORBELIA;410630;;28.0;;4.0;
CORNELIO PROCOPIO;410640;;185.0;2.0;;
CORONEL VIVIDA;410650;;34.0;;;
CRUZEIRO DO OESTE;410660;;19.0;;;
CRUZ MACHADO;410680;;25.0;;;
CURIUVA;410700;;5.0;;;
DIAMANTE DO NORTE;410710;;3.0;;;
DIAMANTE D'OESTE;410715;;4.0;;;
DOIS VIZINHOS;410720;;116.0;;;
DOURADINA;410725;;43.0;;;
DOUTOR CAMARGO;410730;;7.0;;;
ENGENHEIRO BELTRAO;410750;;62.0;;;
FAXINAL;410760;;70.0;;;
FIGUEIRA;410775;;4.0;;;
FLORAI;410780;;3.0;;;
FLORESTA;410790;;5.0;;;
FLORESTOPOLIS;410800;;10.0;;;
FORMOSA DO OESTE;410820;;34.0;;;
FRANCISCO ALVES;410832;;3.0;;;
GENERAL CARNEIRO;410850;;15.0;;;
GODOY MOREIRA;410855;;1.0;;;
GOIOERE;410860;;151.0;;3.0;
GRANDES RIOS;410870;;2.0;;;
GUAIRA;410880;;45.0;3.0;;1.0
GUAIRACA;410890;;2.0;;;
GUAPIRAMA;410900;;2.0;;;
GUARANIACU;410930;;23.0;1.0;;
GUARAPUAVA;410940;;252.0;15.0;1.0;
GUARAQUECABA;410950;;4.0;;;
GUARATUBA;410960;;4.0;;;
IBAITI;410970;;41.0;;;
IBEMA;410975;;3.0;;;
IBIPORA;410980;;81.0;;;
IMBITUVA;411010;;45.0;1.0;;
INAJA;411030;;8.0;;;
IPIRANGA;411050;;11.0;1.0;;
IPORA;411060;;16.0;;;
IRATI;411070;;110.0;;1.0;
IRETAMA;411080;;25.0;;;
ITAGUAJE;411090;;8.0;;;
ITAMBARACA;411100;;23.0;;;
ITAMBE;411110;;1.0;;;
ITAPERUCU;411125;;5.0;;;
ITAUNA DO SUL;411130;;4.0;;;
IVAI;411140;;6.0;;;
IVAIPORA;411150;;174.0;1.0;;2.0
IVATUBA;411160;;2.0;;;
JABOTI;411170;;4.0;;;
JACAREZINHO;411180;;123.0;;;
JAGUAPITA;411190;;15.0;;;
JAGUARIAIVA;411200;;36.0;;3.0;
JANDAIA DO SUL;411210;;22.0;;;
JANIOPOLIS;411220;;2.0;;;
JAPURA;411240;;1.0;;;
JARDIM ALEGRE;411250;;2.0;;;
JATAIZINHO;411270;;12.0;;;
JESUITAS;411275;;25.0;;;
JOAQUIM TAVORA;411280;;30.0;;;
JURANDA;411295;;14.0;;;
JUSSARA;411300;;1.0;;;
KALORE;411310;;9.0;;;
LARANJEIRAS DO SUL;411330;;73.0;;;
LINDOESTE;411345;;6.0;;;
LOANDA;411350;;33.0;;3.0;
LUNARDELLI;411375;;3.0;;;
LUPIONOPOLIS;411380;;5.0;;;
MALLET;411390;;12.0;;;
MANDAGUACU;411410;;31.0;;;
MANDIRITUBA;411430;;9.0;;;
MANGUEIRINHA;411440;;26.0;;;
MANOEL RIBAS;411450;;1.0;;;
MARECHAL CANDIDO RONDON;411460;;30.0;;;
MARIALVA;411480;;55.0;;;
MARINGA;411520;;313.0;1.0;1.0;198.0
MARIOPOLIS;411530;;7.0;;;
MARIPA;411535;;11.0;;;
MARMELEIRO;411540;;19.0;;;
MARUMBI;411550;;4.0;;;
MATELANDIA;411560;;8.0;;;
MATINHOS;411570;;1.0;;;
MIRASELVA;411600;;1.0;;;
MISSAL;411605;;13.0;;;
MORRETES;411620;;20.0;;;
MUNHOZ DE MELO;411630;;5.0;;;
NOSSA SENHORA DAS GRACAS;411640;;2.0;;;
NOVA AURORA;411670;;20.0;;1.0;
NOVA CANTU;411680;;4.0;;;
NOVA ESPERANCA;411690;;49.0;;;
NOVA ESPERANCA DO SUDOESTE;411695;;5.0;;;
NOVA FATIMA;411700;;13.0;;;
NOVA LARANJEIRAS;411705;;9.0;;;
NOVA LONDRINA;411710;;19.0;;;
NOVA SANTA ROSA;411722;;9.0;;;
NOVA PRATA DO IGUACU;411725;;17.0;;;
NOVA TEBAS;411727;;5.0;;;
ORTIGUEIRA;411730;;31.0;;;
OURIZONA;411740;;3.0;;;
PAICANDU;411750;;27.0;;;
PALMEIRA;411770;;40.0;;1.0;
PALMITAL;411780;;8.0;;;
PALOTINA;411790;;22.0;;2.0;
PARAISO DO NORTE;411800;;25.0;;;
PARANACITY;411810;;6.0;;;
PARANAGUA;411820;;246.0;;5.0;
PARANAVAI;411840;;124.0;;2.0;
PATO BRAGADO;411845;;3.0;;;
PAULO FRONTIN;411870;;7.0;;;
PEROLA;411890;;3.0;;;
PINHAIS;411915;;106.0;1.0;;
PINHALAO;411920;;23.0;;;
PINHAO;411930;;48.0;;;
PIRAI DO SUL;411940;;27.0;;;
PIRAQUARA;411950;;11.0;;;
PITANGA;411960;;77.0;;;
PLANALTINA DO PARANA;411970;;4.0;;;
PLANALTO;411980;;12.0;;;
PORECATU;412000;;11.0;;;
PORTO RICO;412020;;5.0;;;
PRADO FERREIRA;412033;;3.0;;;
PRANCHITA;412035;;27.0;;;
PRESIDENTE CASTELO BRANCO;412040;;1.0;;;
PRIMEIRO DE MAIO;412050;;14.0;;;
QUATIGUA;412070;;7.0;;;
QUATRO PONTES;412085;;7.0;;;
QUEDAS DO IGUACU;412090;;21.0;;;
QUERENCIA DO NORTE;412100;;23.0;;;
QUITANDINHA;412120;;19.0;;;
REALEZA;412140;;7.0;;;
REBOUCAS;412150;;16.0;;;
RESERVA;412170;;18.0;;;
RIBEIRAO CLARO;412180;;17.0;;;
RIBEIRAO DO PINHAL;412190;;21.0;;;
RIO AZUL;412200;;23.0;;;
RIO BRANCO DO SUL;412220;;17.0;;;
RIO NEGRO;412230;;9.0;;;
ROLANDIA;412240;;38.0;;3.0;
RONDON;412260;;15.0;;;
SALTO DO ITARARE;412290;;7.0;;;
SALTO DO LONTRA;412300;;8.0;;;
SANTA AMELIA;412310;;1.0;;;
SANTA FE;412340;;1.0;;;
SANTA HELENA;412350;;24.0;;2.0;
SANTA ISABEL DO IVAI;412370;;13.0;;;
SANTA IZABEL DO OESTE;412380;;10.0;;;
SANTA LUCIA;412382;;1.0;;;
SANTA MARIA DO OESTE;412385;;2.0;;;
SANTANA DO ITARARE;412400;;3.0;;;
SANTO ANTONIO DA PLATINA;412410;;96.0;;;
SANTO ANTONIO DO PARAISO;412430;;3.0;;;
SANTO ANTONIO DO SUDOESTE;412440;;16.0;;;
SANTO INACIO;412450;;10.0;;;
SAO CARLOS DO IVAI;412460;;7.0;;;
SAO JERONIMO DA SERRA;412470;;1.0;;;
SAO JOAO;412480;;20.0;;;
SAO JOAO DO CAIUA;412490;;1.0;;;
SAO JOAO DO IVAI;412500;;3.0;;;
SAO JOAO DO TRIUNFO;412510;;9.0;;;
SAO JORGE D'OESTE;412520;;7.0;;;
SAO JORGE DO IVAI;412530;;10.0;;;
SAO JORGE DO PATROCINIO;412535;;12.0;;;
SAO JOSE DA BOA VISTA;412540;;14.0;;;
SAO JOSE DAS PALMEIRAS;412545;;26.0;;;
SAO JOSE DOS PINHAIS;412550;;102.0;1.0;1.0;
SAO MATEUS DO SUL;412560;;71.0;;;
SAO PEDRO DO IGUACU;412575;;1.0;;;
SAO PEDRO DO IVAI;412580;;6.0;;;
SAO SEBASTIAO DA AMOREIRA;412600;;9.0;;;
SAPOPEMA;412620;;3.0;;;
SARANDI;412625;;300.0;1.0;1.0;
SENGES;412630;;5.0;;;
SERTANEJA;412640;;2.0;;;
SERTANOPOLIS;412650;;9.0;;;
SIQUEIRA CAMPOS;412660;;16.0;;;
TAMARANA;412667;;5.0;;;
TAMBOARA;412670;;4.0;;;
TELEMACO BORBA;412710;;249.0;;;
TERRA BOA;412720;;33.0;;;
TERRA RICA;412730;;24.0;;;
TERRA ROXA;412740;;38.0;;;
TIBAGI;412750;;8.0;;;
TIJUCAS DO SUL;412760;;9.0;;;
TOMAZINA;412780;;14.0;;;
TRES BARRAS DO PARANA;412785;;16.0;;;
TUNEIRAS DO OESTE;412790;;6.0;;;
TUPASSI;412795;;13.0;;;
TURVO;412796;;17.0;;;
UBIRATA;412800;;75.0;;;
UMUARAMA;412810;;316.0;6.0;13.0;53.0
UNIAO DA VITORIA;412820;;255.0;1.0;2.0;
WENCESLAU BRAZ;412850;;58.0;;;
VERA CRUZ DO OESTE;412855;;14.0;;;
VERE;412860;;12.0;;;
ABELARDO LUZ;420010;;15.0;;8.0;
AGROLANDIA;420020;;7.0;;;
AGUA DOCE;420040;;7.0;;;
ALFREDO WAGNER;420070;;7.0;;;
ANCHIETA;420080;;4.0;;;
ANGELINA;420090;;1.0;;;41.0
ANITA GARIBALDI;420100;;8.0;;;
ANITAPOLIS;420110;;3.0;;;
ARABUTA;420127;;5.0;;1.0;
ARMAZEM;420150;;29.0;;;
AURORA;420190;;4.0;;;
BALNEARIO CAMBORIU;420200;;238.0;1.0;;40.0
BOCAINA DO SUL;420243;;1.0;;;
BOM JARDIM DA SERRA;420250;;1.0;;;
BOM RETIRO;420260;;4.0;;;
BRACO DO NORTE;420280;;71.0;2.0;9.0;3.0
BRUSQUE;420290;;203.0;10.0;3.0;31.0
CACADOR;420300;;103.0;;1.0;
CAIBI;420310;;1.0;1.0;;
CAMBORIU;420320;;26.0;;;69.0
CAMPO ALEGRE;420330;;17.0;;;
CAMPO BELO DO SUL;420340;;18.0;;;
CAMPO ERE;420350;;28.0;;;
CAMPOS NOVOS;420360;;78.0;;8.0;7.0
CANELINHA;420370;;8.0;;;
CAPINZAL;420390;;3.0;;5.0;
CATANDUVAS;420400;;1.0;;;
CAXAMBU DO SUL;420410;;12.0;;;
CORONEL FREITAS;420440;;9.0;;;104.0
CORREIA PINTO;420455;;4.0;;;
CUNHA PORA;420470;;17.0;;2.0;21.0
CURITIBANOS;420480;;151.0;1.0;6.0;
DESCANSO;420490;;7.0;;2.0;
DIONISIO CERQUEIRA;420500;;21.0;;;
FAXINAL DOS GUEDES;420530;;17.0;;;
FRAIBURGO;420550;;38.0;;8.0;
GASPAR;420590;;56.0;3.0;;
GUABIRUBA;420630;;1.0;;;
GUARACIABA;420640;;9.0;;1.0;1.0
GUARUJA DO SUL;420660;;2.0;;;
IBIRAMA;420690;;37.0;;1.0;1.0
IMARUI;420720;;20.0;;;
IMBITUBA;420730;;67.0;2.0;2.0;
INDAIAL;420750;;65.0;;1.0;22.0
IPIRA;420760;;6.0;;;
IPORA DO OESTE;420765;;7.0;;5.0;19.0
IPUMIRIM;420770;;4.0;;;
IRANI;420780;;12.0;;;
IRINEOPOLIS;420790;;6.0;;;
ITAIOPOLIS;420810;;7.0;;;
ITAPIRANGA;420840;;3.0;;13.0;
ITUPORANGA;420850;;56.0;3.0;1.0;1.0
JABORA;420860;;1.0;;;
JACINTO MACHADO;420870;;17.0;;;
JAGUARUNA;420880;;35.0;;;
JOACABA;420900;;88.0;;3.0;6.0
LAGUNA;420940;;93.0;;;
LAURO MULLER;420960;;23.0;;;
LEBON REGIS;420970;;3.0;;;
LUIZ ALVES;421000;;4.0;;;
LUZERNA;421003;;20.0;;11.0;
MAFRA;421010;;134.0;2.0;;9.0
MAJOR VIEIRA;421030;;11.0;;;
MARAVILHA;421050;;49.0;;2.0;
MELEIRO;421080;;21.0;;4.0;3.0
MODELO;421090;;4.0;;;
MONDAI;421100;;8.0;;;
MONTE CASTELO;421110;;4.0;;;
MORRO DA FUMACA;421120;;2.0;;;
NOVA ERECHIM;421140;;6.0;;6.0;
NOVA TRENTO;421150;;24.0;;3.0;83.0
NOVA VENEZA;421160;;19.0;;1.0;
ORLEANS;421170;;36.0;;;
OTACILIO COSTA;421175;;4.0;;;
PALMA SOLA;421200;;11.0;;;
PALMITOS;421210;;25.0;;4.0;
PAPANDUVA;421220;;22.0;;;
PENHA;421250;;1.0;;;363.0
PETROLANDIA;421270;;1.0;;;
PINHALZINHO;421290;;11.0;;5.0;
POMERODE;421320;;43.0;1.0;2.0;1.0
PONTE ALTA;421330;;18.0;;;
PONTE SERRADA;421340;;5.0;;;
POUSO REDONDO;421370;;23.0;;;
PRAIA GRANDE;421380;;25.0;;11.0;
PRESIDENTE GETULIO;421400;;26.0;;2.0;2.0
QUILOMBO;421420;;10.0;1.0;;2.0
RIO DO CAMPO;421450;;5.0;;;
RIO DO OESTE;421460;;12.0;;;
RIO DO SUL;421480;;109.0;2.0;2.0;28.0
RIO FORTUNA;421490;;4.0;2.0;;
RIO NEGRINHO;421500;;46.0;2.0;;
SALETE;421530;;18.0;1.0;;
SALTO VELOSO;421540;;3.0;;;
SANTA CECILIA;421550;;13.0;;;
SAO BENTO DO SUL;421580;;99.0;;3.0;2.0
SAO CARLOS;421600;;35.0;3.0;10.0;1.0
SAO FRANCISCO DO SUL;421620;;1.0;;;
SAO JOAO DO OESTE;421625;;10.0;;2.0;
SAO JOAO BATISTA;421630;;30.0;;1.0;1.0
SAO JOAQUIM;421650;;44.0;;;
SAO JOSE DO CEDRO;421670;;4.0;;4.0;
SAO JOSE DO CERRITO;421680;;1.0;;;
SAO LOURENCO DO OESTE;421690;;65.0;;;
SAO MARTINHO;421710;;1.0;;;
SAO MIGUEL DO OESTE;421720;;66.0;;2.0;19.0
SAO PEDRO DE ALCANTARA;421725;;11.0;6.0;;
SAUDADES;421730;;6.0;;;35.0
SEARA;421750;;11.0;;2.0;
SOMBRIO;421770;;35.0;;;
TAIO;421780;;9.0;;;
TANGARA;421790;;9.0;;;
TIJUCAS;421800;;82.0;;;
TIMBO;421820;;24.0;;3.0;
TRES BARRAS;421830;;22.0;;;
TREZE DE MAIO;421840;;13.0;;;
TREZE TILIAS;421850;;5.0;;;
TROMBUDO CENTRAL;421860;;2.0;;;
TUBARAO;421870;;341.0;20.0;3.0;77.0
TUNAPOLIS;421875;;8.0;;;
URUBICI;421890;;9.0;;;
URUSSANGA;421900;;8.0;;5.0;
VARGEAO;421910;;7.0;;;
VIDAL RAMOS;421920;;4.0;1.0;;
VITOR MEIRELES;421935;;4.0;;;
WITMARSUM;421940;;12.0;;;
XANXERE;421950;;109.0;;1.0;18.0
XAVANTINA;421960;;4.0;;;
XAXIM;421970;;15.0;;;4.0
ACEGUA;430003;;10.0;;;
AGUDO;430010;;63.0;;;
AJURICABA;430020;;13.0;;;
ALECRIM;430030;;24.0;;1.0;
ALEGRIA;430045;;3.0;;;
ALPESTRE;430050;;4.0;;;
ALVORADA;430060;;129.0;;;
AMARAL FERRADOR;430063;;3.0;;;
AMETISTA DO SUL;430064;;13.0;1.0;;
ANTA GORDA;430070;;12.0;;;
ANTONIO PRADO;430080;;20.0;2.0;;
ARATIBA;430090;;6.0;;;
ARROIO DO MEIO;430100;;34.0;;8.0;
ARROIO DOS RATOS;430110;;3.0;;;
ARROIO DO TIGRE;430120;;38.0;;;
ARROIO GRANDE;430130;;5.0;;;
ARVOREZINHA;430140;;1.0;;1.0;
AUGUSTO PESTANA;430150;;10.0;;;
BAGE;430160;;267.0;;3.0;
BARAO;430165;;7.0;;;
BENTO GONCALVES;430210;;91.0;5.0;1.0;50.0
BOA VISTA DO BURICA;430220;;5.0;2.0;;
BOM PRINCIPIO;430235;;21.0;;;
BOM RETIRO DO SUL;430240;;55.0;;;
BOQUEIRAO DO LEAO;430245;;13.0;;;
BROCHIER;430265;;4.0;;;
BUTIA;430270;;20.0;;;
CACAPAVA DO SUL;430280;;123.0;2.0;;
CACEQUI;430290;;60.0;;;
CACHOEIRA DO SUL;430300;;90.0;;;2.0
CACHOEIRINHA;430310;;56.0;;;
CAIBATE;430330;;6.0;;;
CAICARA;430340;;2.0;;;
CAMAQUA;430350;;124.0;;2.0;
CAMBARA DO SUL;430360;;1.0;;;
CAMPINA DAS MISSOES;430370;;28.0;;;
CAMPINAS DO SUL;430380;;3.0;;;
CAMPO BOM;430390;;75.0;;6.0;
CAMPO NOVO;430400;;6.0;;;
CANDELARIA;430420;;91.0;;;
CANDIDO GODOI;430430;;15.0;;;
CANELA;430440;;87.0;;2.0;
CANGUCU;430450;;140.0;;;
CAPAO DA CANOA;430463;;107.0;;5.0;
CARAZINHO;430470;;105.0;5.0;1.0;
CARLOS BARBOSA;430480;;18.0;1.0;;2.0
CASCA;430490;;5.0;;;
CERRO BRANCO;430513;;5.0;;;
CERRO LARGO;430520;;24.0;;;
CHAPADA;430530;;2.0;;;
CHIAPETTA;430540;;12.0;;;
CONDOR;430570;;5.0;;;
CONSTANTINA;430580;;1.0;;;
CORONEL BICACO;430590;;8.0;;;
CRISSIUMAL;430600;;10.0;;4.0;
CRUZ ALTA;430610;;162.0;11.0;1.0;59.0
CRUZEIRO DO SUL;430620;;14.0;;;
DAVID CANABARRO;430630;;2.0;;;
DOIS IRMAOS;430640;;14.0;;;
DOIS LAJEADOS;430645;;14.0;;;
DOM PEDRITO;430660;;92.0;7.0;;
DOUTOR MAURICIO CARDOSO;430673;;8.0;;;
ENCANTADO;430680;;10.0;;1.0;2.0
ENCRUZILHADA DO SUL;430690;;22.0;;;
HERVAL;430710;;1.0;;;
ERVAL GRANDE;430720;;9.0;;;
ERVAL SECO;430730;;3.0;;;
ESPUMOSO;430750;;25.0;;;
ESTANCIA VELHA;430760;;49.0;1.0;;
ESTEIO;430770;;177.0;;2.0;
ESTRELA;430780;;37.0;5.0;;1.0
FARROUPILHA;430790;;76.0;1.0;8.0;
FAXINAL DO SOTURNO;430800;;37.0;;1.0;
FELIZ;430810;;24.0;;;
FLORES DA CUNHA;430820;;7.0;;;
FORMIGUEIRO;430840;;12.0;;;
FREDERICO WESTPHALEN;430850;;47.0;1.0;;
GARIBALDI;430860;;16.0;;2.0;
GAURAMA;430870;;3.0;;;
GETULIO VARGAS;430890;;10.0;;;
GIRUA;430900;;15.0;3.0;;
GRAMADO;430910;;63.0;2.0;14.0;
GUABIJU;430925;;1.0;;;
GUAIBA;430930;;74.0;;;
GUAPORE;430940;;20.0;7.0;3.0;
GUARANI DAS MISSOES;430950;;54.0;;;
HORIZONTINA;430960;;46.0;;;
HUMAITA;430970;;8.0;;;
IBIRUBA;431000;;30.0;;;
IJUI;431020;;119.0;10.0;;
ILOPOLIS;431030;;4.0;;;
IRAI;431050;;1.0;;;
ITAQUI;431060;;59.0;;;
IVORA;431075;;3.0;;;
IVOTI;431080;;25.0;;;
JABOTICABA;431085;;4.0;;;
JACUTINGA;431090;;1.0;;;
JAGUARI;431110;;24.0;;;
JAQUIRANA;431112;;2.0;;;
JULIO DE CASTILHOS;431120;;28.0;;;
LAGOA VERMELHA;431130;;5.0;;1.0;
LAVRAS DO SUL;431150;;17.0;;;
LIBERATO SALZANO;431160;;2.0;;;
MARCELINO RAMOS;431190;;1.0;;;
MARIANO MORO;431200;;1.0;;;
MARQUES DE SOUZA;431205;;14.0;1.0;;
MATA;431210;;2.0;;;
MAXIMILIANO DE ALMEIDA;431220;;9.0;;;
MONTENEGRO;431240;;113.0;;1.0;
MORRO REDONDO;431245;;7.0;;;
MOSTARDAS;431250;;9.0;;;
MUCUM;431260;;15.0;;;
NAO-ME-TOQUE;431265;;10.0;;;
NONOAI;431270;;7.0;;1.0;
NOVA BASSANO;431290;;5.0;;;
NOVA BRESCIA;431300;;12.0;;;
NOVA PALMA;431310;;3.0;;;
NOVA PETROPOLIS;431320;;32.0;;;
NOVA PRATA;431330;;20.0;;2.0;
OSORIO;431350;;76.0;;1.0;
PAIM FILHO;431360;;4.0;;;
PALMARES DO SUL;431365;;27.0;;;
PALMEIRA DAS MISSOES;431370;;93.0;;3.0;
PALMITINHO;431380;;11.0;;;
PANAMBI;431390;;43.0;;2.0;
PARAI;431400;;12.0;;;
PARAISO DO SUL;431402;;8.0;;;
PAROBE;431405;;74.0;;3.0;1.0
PAVERAMA;431415;;12.0;;;
PEDRO OSORIO;431420;;32.0;;;
PEJUCARA;431430;;4.0;;;
PINHAL GRANDE;431447;;5.0;;;
PIRATINI;431460;;28.0;;;
PLANALTO;431470;;3.0;;;
PORTAO;431480;;54.0;;;
PORTO LUCENA;431500;;5.0;;;
PORTO XAVIER;431510;;14.0;;;
PROGRESSO;431515;;29.0;6.0;;
PUTINGA;431520;;1.0;;;
QUARAI;431530;;19.0;;;
QUINZE DE NOVEMBRO;431535;;3.0;;;
REDENTORA;431540;;29.0;;;
RESTINGA SECA;431550;;48.0;;;
RIO PARDO;431570;;63.0;;1.0;
RIOZINHO;431575;;7.0;;;
ROCA SALES;431580;;16.0;;;
RODEIO BONITO;431590;;5.0;;10.0;
ROLANTE;431600;;12.0;;7.0;
RONDINHA;431620;;2.0;;;
ROQUE GONZALES;431630;;14.0;3.0;;
ROSARIO DO SUL;431640;;125.0;;;
SALTO DO JACUI;431645;;14.0;;;
SALVADOR DO SUL;431650;;7.0;;;
SANANDUVA;431660;;4.0;;;
SANTA CLARA DO SUL;431675;;3.0;;;
SANTANA DA BOA VISTA;431700;;1.0;;;
SANT'ANA DO LIVRAMENTO;431710;;167.0;5.0;;
SANTA ROSA;431720;;107.0;;;6.0
SANTA VITORIA DO PALMAR;431730;;23.0;;2.0;
SANTIAGO;431740;;98.0;3.0;;
SANTO ANTONIO DA PATRULHA;431760;;53.0;;;
SANTO AUGUSTO;431780;;38.0;;;
SANTO CRISTO;431790;;25.0;;;
SAO FRANCISCO DE ASSIS;431810;;48.0;;;
SAO FRANCISCO DE PAULA;431820;;34.0;;;
SAO GABRIEL;431830;;150.0;;2.0;
SAO JERONIMO;431840;;244.0;;1.0;
SAO JOSE DO INHACORA;431849;;4.0;;;
SAO JOSE DO NORTE;431850;;13.0;;;
SAO JOSE DO OURO;431860;;6.0;;;
SAO LOURENCO DO SUL;431880;;69.0;1.0;1.0;
SAO LUIZ GONZAGA;431890;;198.0;;1.0;
SAO MARCOS;431900;;31.0;;1.0;
SAO MARTINHO;431910;;5.0;;;
SAO PAULO DAS MISSOES;431930;;5.0;;;
SAO PEDRO DO SUL;431940;;26.0;1.0;;
SAO SEBASTIAO DO CAI;431950;;35.0;;4.0;
SAO SEPE;431960;;61.0;;;
SAO VICENTE DO SUL;431980;;23.0;;;
SAPIRANGA;431990;;109.0;;3.0;
SAPUCAIA DO SUL;432000;;178.0;;1.0;
SARANDI;432010;;14.0;1.0;2.0;
SEBERI;432020;;7.0;;;
SEGREDO;432026;;19.0;;;
SELBACH;432030;;1.0;;;
SERAFINA CORREA;432040;;9.0;;;
SERIO;432045;;2.0;;;
SINIMBU;432067;;11.0;;;
SOBRADINHO;432070;;59.0;;;
SOLEDADE;432080;;59.0;;1.0;
TAPEJARA;432090;;19.0;;;
TAPERA;432100;;15.0;;;
TAPES;432110;;33.0;;;
TAQUARA;432120;;76.0;;;
TAQUARI;432130;;50.0;;;
TENENTE PORTELA;432140;;27.0;;3.0;
TEUTONIA;432145;;43.0;1.0;3.0;
TORRES;432150;;68.0;3.0;4.0;2.0
TRAMANDAI;432160;;68.0;;1.0;
TRES COROAS;432170;;23.0;;;
TRES PASSOS;432190;;109.0;;1.0;
TRINDADE DO SUL;432195;;5.0;;;
TRIUNFO;432200;;40.0;;;
TUCUNDUVA;432210;;4.0;;;
TUPANCIRETA;432220;;13.0;;;
TUPARENDI;432230;;6.0;;;
VACARIA;432250;;159.0;;7.0;
VALE DO SOL;432253;;22.0;8.0;;
VENANCIO AIRES;432260;;112.0;2.0;5.0;
VERA CRUZ;432270;;42.0;1.0;;
VERANOPOLIS;432280;;27.0;;4.0;
VIADUTOS;432290;;13.0;;;
VIAMAO;432300;;113.0;;2.0;
AMAMBAI;500060;;31.0;;3.0;
ANASTACIO;500070;;6.0;;;
ANAURILANDIA;500080;;5.0;1.0;;
ANGELICA;500085;;7.0;;;
ANTONIO JOAO;500090;;4.0;;;
APARECIDA DO TABOADO;500100;;8.0;;;
ARAL MOREIRA;500124;;4.0;;;
BANDEIRANTES;500150;;1.0;;;
BATAGUASSU;500190;;3.0;;2.0;
BATAYPORA;500200;;15.0;;;
BELA VISTA;500210;;11.0;;;
BODOQUENA;500215;;6.0;;;
BONITO;500220;;15.0;;;
BRASILANDIA;500230;;2.0;;;
CAARAPO;500240;;12.0;;;
CAMAPUA;500260;;8.0;;;
CASSILANDIA;500290;;11.0;;;
CORUMBA;500320;;91.0;;1.0;
COSTA RICA;500325;;4.0;;;4.0
COXIM;500330;;24.0;;;
DEODAPOLIS;500345;;5.0;;;
DOIS IRMAOS DO BURITI;500348;;2.0;;;
ELDORADO;500375;;21.0;;;
FATIMA DO SUL;500380;;10.0;;;
GLORIA DE DOURADOS;500400;;10.0;;;
GUIA LOPES DA LAGUNA;500410;;3.0;;;
IGUATEMI;500430;;34.0;;;
ITAPORA;500450;;8.0;;;
ITAQUIRAI;500460;;6.0;;;
IVINHEMA;500470;;25.0;;;
JARDIM;500500;;9.0;;;
JATEI;500510;;2.0;;;
JUTI;500515;;2.0;;;
LAGUNA CARAPA;500525;;2.0;;;
MARACAJU;500540;;28.0;;;
MIRANDA;500560;;4.0;;;
MUNDO NOVO;500568;;6.0;;;
NAVIRAI;500570;;47.0;;;
NOVA ALVORADA DO SUL;500600;;9.0;;;
NOVA ANDRADINA;500620;;35.0;;;
NOVO HORIZONTE DO SUL;500625;;6.0;;;
PARANAIBA;500630;;41.0;;3.0;
PARANHOS;500635;;2.0;;;
PEDRO GOMES;500640;;10.0;;;
PONTA PORA;500660;;67.0;;1.0;
PORTO MURTINHO;500690;;5.0;;;
RIO BRILHANTE;500720;;21.0;;;
RIO VERDE DE MATO GROSSO;500740;;2.0;;;
SANTA RITA DO PARDO;500755;;2.0;;;
SAO GABRIEL DO OESTE;500769;;5.0;;;
SETE QUEDAS;500770;;25.0;;;
SIDROLANDIA;500790;;6.0;;;
SONORA;500793;;3.0;;;
TACURU;500795;;6.0;;;
TAQUARUSSU;500797;;11.0;;;
TRES LAGOAS;500830;;171.0;2.0;5.0;
VICENTINA;500840;;6.0;;;
AGUA BOA;510020;;60.0;;;
ALTA FLORESTA;510025;;34.0;19.0;1.0;1.0
APIACAS;510080;;5.0;;;
ARENAPOLIS;510130;;12.0;;1.0;
ARIPUANA;510140;;4.0;;;
BARRA DO BUGRES;510170;;36.0;;;
BARRA DO GARCAS;510180;;109.0;;;
BRASNORTE;510190;;16.0;;;
CAMPINAPOLIS;510260;;2.0;;;
CAMPO NOVO DO PARECIS;510263;;5.0;;1.0;
CAMPO VERDE;510267;;23.0;;;
CARLINDA;510279;;11.0;;;
CLAUDIA;510305;;15.0;;;
COLIDER;510320;;79.0;;;
COLNIZA;510325;;10.0;;1.0;
COMODORO;510330;;6.0;;;
CONFRESA;510335;;10.0;;;
COTRIGUACU;510337;;6.0;;;
DENISE;510345;;4.0;;;
DIAMANTINO;510350;;42.0;;;
DOM AQUINO;510360;;13.0;;;
GAUCHA DO NORTE;510385;;1.0;;;
GENERAL CARNEIRO;510390;;2.0;;;
GUARANTA DO NORTE;510410;;12.0;;;
GUIRATINGA;510420;;3.0;;;
ITAUBA;510455;;2.0;;;
ITIQUIRA;510460;;1.0;;;
JACIARA;510480;;4.0;;;
JAURU;510500;;6.0;;;
JUARA;510510;;35.0;;1.0;
JUINA;510515;;50.0;;;
JURUENA;510517;;1.0;;;
JUSCIMEIRA;510520;;7.0;;;
LUCAS DO RIO VERDE;510525;;4.0;;;19.0
VILA BELA DA SANTISSIMA TRINDADE;510550;;2.0;;;
MARCELANDIA;510558;;9.0;;;
MATUPA;510560;;8.0;1.0;;
NOBRES;510590;;16.0;;;
NORTELANDIA;510600;;6.0;;;
NOSSA SENHORA DO LIVRAMENTO;510610;;1.0;;;
NOVA MUTUM;510622;;11.0;;;
NOVA OLIMPIA;510623;;8.0;;;
NOVA XAVANTINA;510625;;2.0;;;
NOVO SAO JOAQUIM;510628;;3.0;;;
PARANATINGA;510630;;3.0;;;
PEDRA PRETA;510637;;1.0;;;
PEIXOTO DE AZEVEDO;510642;;33.0;;;
POCONE;510650;;20.0;;;
PONTES E LACERDA;510675;;18.0;;1.0;
PORTO ALEGRE DO NORTE;510677;;8.0;;;
PORTO DOS GAUCHOS;510680;;3.0;;;
POXOREO;510700;;9.0;;;
PRIMAVERA DO LESTE;510704;;1.0;;4.0;
QUERENCIA;510706;;3.0;;;
RIBEIRAO CASCALHEIRA;510718;;6.0;;;
SAO JOSE DO RIO CLARO;510730;;24.0;;;
ROSARIO OESTE;510770;;1.0;;;
SANTA TEREZINHA;510777;;1.0;;;
SANTO ANTONIO DO LEVERGER;510780;;1.0;;;
SAO FELIX DO ARAGUAIA;510785;;12.0;;;
SAPEZAL;510787;;8.0;;;2.0
SORRISO;510792;;65.0;;5.0;
TABAPORA;510794;;1.0;;;
TANGARA DA SERRA;510795;;42.0;;;
TERRA NOVA DO NORTE;510805;;18.0;;;
TESOURO;510810;;5.0;;;
TORIXOREU;510820;;11.0;;;
VARZEA GRANDE;510840;;220.0;;22.0;
VILA RICA;510860;;6.0;;;
ACREUNA;520013;;2.0;;;
AGUAS LINDAS DE GOIAS;520025;;4.0;;;
ALEXANIA;520030;;7.0;;;
ALOANDIA;520050;;1.0;;;
ALVORADA DO NORTE;520080;;16.0;;;
AMERICANO DO BRASIL;520085;;4.0;;;
ANICUNS;520130;;7.0;;;
APARECIDA DE GOIANIA;520140;;536.0;1.0;11.0;1.0
APORE;520150;;1.0;;;
ARACU;520160;;2.0;;;
ARAGARCAS;520170;;15.0;;;
ARAGUAPAZ;520215;;5.0;;;
ARENOPOLIS;520235;;8.0;;;
AVELINOPOLIS;520280;;1.0;;;
BARRO ALTO;520320;;3.0;;;
BOM JESUS DE GOIAS;520350;;5.0;;;
BRITANIA;520380;;3.0;;;
BURITI ALEGRE;520390;;8.0;;;
CABECEIRAS;520400;;2.0;;;
CACHOEIRA ALTA;520410;;1.0;;;
CACU;520430;;12.0;;;
CAIAPONIA;520440;;28.0;;;
CALDAS NOVAS;520450;;37.0;;;
CAMPINACU;520465;;1.0;;;
CAMPINORTE;520470;;5.0;;;
CAMPOS BELOS;520490;;7.0;;;
CARMO DO RIO VERDE;520500;;8.0;;;
CATALAO;520510;;85.0;2.0;1.0;
CATURAI;520520;;1.0;;;
CAVALCANTE;520530;;2.0;1.0;;
CERES;520540;;85.0;;;
COCALZINHO DE GOIAS;520551;;1.0;;;
CORUMBA DE GOIAS;520580;;20.0;;;
CRISTALINA;520620;;3.0;;;
CRIXAS;520640;;10.0;;;
DAMOLANDIA;520680;;1.0;;;
DOVERLANDIA;520725;;3.0;;;
EDEIA;520740;;19.0;;;
ESTRELA DO NORTE;520750;;1.0;;;
FAINA;520753;;1.0;;;
FIRMINOPOLIS;520780;;8.0;;;
FLORES DE GOIAS;520790;;1.0;;;
FORMOSA;520800;;27.0;;4.0;
FORMOSO;520810;;1.0;;;
GOIANESIA;520860;;25.0;;;
GOIANIRA;520880;;32.0;;;
GOIATUBA;520910;;26.0;;;
IACIARA;520990;;4.0;;;
INACIOLANDIA;520993;;2.0;;;
INDIARA;520995;;1.0;;;
INHUMAS;521000;;41.0;;;
IPAMERI;521010;;5.0;;;
IPORA;521020;;36.0;;;
ITABERAI;521040;;1.0;;;
ITAGUARU;521060;;3.0;;;
ITAPACI;521090;;20.0;;;
ITAPIRAPUA;521100;;2.0;;;
ITAPURANGA;521120;;41.0;;;
ITARUMA;521130;;1.0;;;
ITAUCU;521140;;1.0;;;
ITUMBIARA;521150;;100.0;;2.0;
JANDAIA;521170;;4.0;;;
JARAGUA;521180;;16.0;;1.0;
JATAI;521190;;84.0;;1.0;
JAUPACI;521200;;3.0;;;
JOVIANIA;521210;;1.0;;;
JUSSARA;521220;;12.0;;;
LEOPOLDO DE BULHOES;521230;;2.0;;;
MAMBAI;521270;;6.0;;;
MARA ROSA;521280;;2.0;;;
MARZAGAO;521290;;1.0;;;
MATRINCHA;521295;;1.0;;;
MAURILANDIA;521300;;2.0;;;
MINACU;521308;;9.0;;;
MINEIROS;521310;;11.0;;;
MONTES CLAROS DE GOIAS;521370;;4.0;;;
MONTIVIDIU;521375;;7.0;;;
MORRINHOS;521380;;40.0;4.0;;
MORRO AGUDO DE GOIAS;521385;;1.0;;;
MOZARLANDIA;521400;;3.0;;;
MUNDO NOVO;521405;;1.0;;;
MUTUNOPOLIS;521410;;2.0;;;
NAZARIO;521440;;1.0;;;
NEROPOLIS;521450;;58.0;;;
NIQUELANDIA;521460;;6.0;;;
NOVA CRIXAS;521483;;3.0;;;
NOVA VENEZA;521500;;1.0;;;
NOVO BRASIL;521520;;1.0;;;
ORIZONA;521530;;5.0;;;
PALMEIRAS DE GOIAS;521570;;5.0;;;
PALMELO;521580;;1.0;;;
PARANAIGUARA;521630;;11.0;;;
PARAUNA;521640;;2.0;;;
PETROLINA DE GOIAS;521680;;5.0;;;
PIRACANJUBA;521710;;4.0;;;
PIRANHAS;521720;;13.0;;;
PIRENOPOLIS;521730;;15.0;;;
PIRES DO RIO;521740;;16.0;;;
PLANALTINA;521760;;6.0;;;
PONTALINA;521770;;10.0;;;
PORANGATU;521800;;17.0;;;
PORTELANDIA;521810;;3.0;;;
POSSE;521830;;44.0;;;
QUIRINOPOLIS;521850;;46.0;1.0;;
RIALMA;521860;;7.0;;;
RIO VERDE;521880;;174.0;;2.0;
RUBIATABA;521890;;17.0;;;
SANCLERLANDIA;521900;;4.0;;;
SANTA FE DE GOIAS;521925;;3.0;;;
SANTA HELENA DE GOIAS;521930;;37.0;;2.0;
SANTA TEREZA DE GOIAS;521960;;1.0;;;
SANTA TEREZINHA DE GOIAS;521970;;3.0;;;
SAO JOAO D'ALIANCA;522000;;3.0;;;
SAO LUIS DE MONTES BELOS;522010;;10.0;;3.0;
SAO MIGUEL DO ARAGUAIA;522020;;14.0;;;
SAO SIMAO;522040;;8.0;;;
SERRANOPOLIS;522050;;3.0;;;
SILVANIA;522060;;2.0;;;
SIMOLANDIA;522068;;1.0;;;
TAQUARAL DE GOIAS;522100;;1.0;;;
TRINDADE;522140;;16.0;;;
TROMBAS;522145;;1.0;;;
TURVANIA;522150;;5.0;;;
TURVELANDIA;522155;;1.0;;;
URUANA;522170;;2.0;;;
VIANOPOLIS;522200;;7.0;;;
VICENTINOPOLIS;522205;;6.0;;;
VILA BOA;522220;;2.0;;;
; ;;;;;
LAGOA DE DENTRO;250820;;;1.0;;
OUVIDOR;521550;;;1.0;;
PIRIPIRI;220840;;;;2.0;
ERICO CARDOSO;290050;;;;1.0;
CONCEICAO DO CASTELO;320170;;;;3.0;
CAIEIRAS;350900;;;;1.0;
SAO MIGUEL ARCANJO;355020;;;;1.0;
BANDEIRANTES;410240;;;;1.0;
BIGUACU;420230;;;;3.0;
ITAPEMA;420830;;;;3.0;
TIMBE DO SUL;421810;;;;8.0;
NAVEGANTES;421130;;;;;7.0
